name,slug,projectID,fileID,filename,game_version,loader,primary_file_url,metadata_verified_date,sha256,enabled,binary_audited,dependencies_verified,status,special_requirement,sha256_scope
YUNG's Extras,yungs-extras-neoforge,1015146,5812546,YungsExtras-1.21.1-NeoForge-5.1.1.jar,1.21.1,NeoForge,https://www.curseforge.com/minecraft/mc-mods/yungs-extras-neoforge/files/5812546,2026-10-09,0cd26474e514f5dc3114aaf5ec7e049bcd285f0c5db191bb45223193f35df70d,True,True,True,INSTALLED_STATIC_AUDITED,Feature-based; removes vanilla minecraft:desert_well in its desert tag biomes. Requires YUNG's API >= 5.1.2.,"supplied JAR (user upload, 9 Oct 2026)"
YUNG's Bridges,yungs-bridges-neoforge,1015149,5812553,YungsBridges-1.21.1-NeoForge-5.1.1.jar,1.21.1,NeoForge,https://www.curseforge.com/minecraft/mc-mods/yungs-bridges-neoforge/files/5812553,2026-10-09,bf93a85422a6b457358c3b56352641a97ec09cc37dec18b2cedcac2bd1ff9bec,True,True,True,INSTALLED_STATIC_AUDITED,Feature-based; river tag extended with streamsreflowing:stream. Requires YUNG's API >= 5.1.2 (installed 5.1.9).,"supplied JAR (user upload, 9 Oct 2026)"
Structory: Towers,structory-towers,783522,8396885,Structory_Towers_26.2_v1.0.17.jar,26.2 (JAR supports 1.21.x),NeoForge,https://www.curseforge.com/minecraft/mc-mods/structory-towers/files/8396885,2026-10-09,226d8cb187e0d4fb75571db017c0abb26176aec16586c337a1b5620f3805a372,True,True,True,INSTALLED_STATIC_AUDITED,"User-approved v1.0.17 (CF file 8396885) instead of v1.0.14. Includes 3 Nether + 1 End tower sets as shipped. CurseForge tags this file 26.x; JAR is pack_format 48, minecraft [1.21,), Modrinth lists 1.21.x. Fresh-world load confirmation required.","supplied JAR (user upload, 9 Oct 2026)"
Archaion,archaion,1620396,8983496,archaion-1.21.1-1.4.4.jar,1.21.1,NeoForge,https://www.curseforge.com/minecraft/mc-mods/archaion/files/8983496,2026-10-09,15431063b27f43aa5321100bc29acc9b49ab0c97e24e16627a759a0312ea0f11,True,True,True,INSTALLED_STATIC_AUDITED,"Requires AAA Particles >= 2.2.3 (added as pinned dependency, CF 979809:9101011). Custom placement archaion:avoid_trial_chambers.","supplied JAR (user upload, 9 Oct 2026)"
Explorify,explorify,698309,8082824,Explorify v1.6.5.mod.jar,1.21.1,NeoForge,https://www.curseforge.com/minecraft/mc-mods/explorify/files/8082824,2026-10-09,2dc76398b48b2aae9b4024642da098b0880125572de160cb5ecf91d102890cad,True,True,True,INSTALLED_STATIC_AUDITED,"User decision 9 Oct 2026: Black Spiral is NOT disabled by default, provided the Nether mod stack is compatible; explorify:black_spirals (40/18, f=1.0, bastion_remnant biomes) must be checked in a fresh Nether. Disable mechanism if needed: add explorify:black_spiral to integrated_api:disabled_structures (required:false). end_shipwreck (End) ships as is.","supplied JAR (user upload, 9 Oct 2026)"
Additional Structures,additional-structures,297680,6584803,AdditionalStructures-1.21-(v.6.3.2-NEO).jar,1.21.1,NeoForge,https://www.curseforge.com/minecraft/mc-mods/additional-structures/files/6584803,2026-10-09,0540b1b3ac7c1b93159278d8e3c924b8af371fd3be9be0501e5f478ca8f64e24,True,True,True,INSTALLED_STATIC_AUDITED,"Ships as is, including ~51 Nether/End structures. Curated biome selectors extended by derive_test6_selectors.py.","supplied JAR (user upload, 9 Oct 2026)"
Create: Structures Arise,create-structures-arise,1010066,8837992,Create-Structures-Arise-1.21.1-NeoForge-176.49.49.jar,1.21.1,NeoForge,https://www.curseforge.com/minecraft/mc-mods/create-structures-arise/files/8837992,2026-10-09,a98c1853a4a3ab2b845f19617b8ed6aed682aa77e818c13bae4ab95ebff8bd6e,True,True,True,INSTALLED_STATIC_AUDITED,"Ships as is, including 4 Nether structures. Requires Create [6.0.10,6.1.0). Curated selectors extended.","supplied JAR (user upload, 9 Oct 2026)"
Create: Easy Structures,create-easy-structures,949158,6344382,create_easy_structures-0.2a-neoforge-1.21.1.jar,1.21.1,NeoForge,https://www.curseforge.com/minecraft/mc-mods/create-easy-structures/files/6344382,2026-10-09,8d5949114e9dd506c4a8598f789e63678fdf6b2b90f40a8e6ef2babc6f56029f,True,True,True,INSTALLED_STATIC_AUDITED,Ships as is (16 grids at 50-60). Curated selectors extended; density to be judged in a fresh world.,"supplied JAR (user upload, 9 Oct 2026)"
AAA Particles,aaa-particles,979809,9101011,aaa_particles-neoforge-1.21.1-2.3.3.jar,1.21.1,NeoForge,https://www.curseforge.com/minecraft/mc-mods/aaa-particles/files/9101011,2026-10-09,948b3fc4d38d33a817596ad0b2d14c28976f8cfde801041b1c58cf1fef505f98,True,True,True,INSTALLED_STATIC_AUDITED,Required dependency of Archaion (>= 2.2.3). Library only; no structures. Jar-in-Jar architectury 13.0.8 vs pack 13.0.11: confirm at launch. 2.3.3 was released 8 Oct 2026.,"supplied JAR (user upload, 9 Oct 2026)"
