structure_id,structure_set_id,weight,enabled,owner,verification
ctov:small/village_beach,minecraft:villages,10,True,CTOV registerstructure -> Lithostitched addStructureSetEntries,Actual class references plus supplied config; runtime application pending
ctov:small/village_christmas,minecraft:villages,10,True,CTOV registerstructure -> Lithostitched addStructureSetEntries,Actual class references plus supplied config; runtime application pending
ctov:small/village_desert,minecraft:villages,10,True,CTOV registerstructure -> Lithostitched addStructureSetEntries,Actual class references plus supplied config; runtime application pending
ctov:small/village_desert_oasis,minecraft:villages,10,True,CTOV registerstructure -> Lithostitched addStructureSetEntries,Actual class references plus supplied config; runtime application pending
ctov:small/village_dark_forest,minecraft:villages,10,True,CTOV registerstructure -> Lithostitched addStructureSetEntries,Actual class references plus supplied config; runtime application pending
ctov:small/village_jungle,minecraft:villages,10,True,CTOV registerstructure -> Lithostitched addStructureSetEntries,Actual class references plus supplied config; runtime application pending
ctov:small/village_jungle_tree,minecraft:villages,10,True,CTOV registerstructure -> Lithostitched addStructureSetEntries,Actual class references plus supplied config; runtime application pending
ctov:small/village_mesa,minecraft:villages,10,True,CTOV registerstructure -> Lithostitched addStructureSetEntries,Actual class references plus supplied config; runtime application pending
ctov:small/village_mesa_fortified,minecraft:villages,10,True,CTOV registerstructure -> Lithostitched addStructureSetEntries,Actual class references plus supplied config; runtime application pending
ctov:small/village_mountain,minecraft:villages,10,True,CTOV registerstructure -> Lithostitched addStructureSetEntries,Actual class references plus supplied config; runtime application pending
ctov:small/village_mountain_alpine,minecraft:villages,10,True,CTOV registerstructure -> Lithostitched addStructureSetEntries,Actual class references plus supplied config; runtime application pending
ctov:small/village_mushroom,minecraft:villages,10,True,CTOV registerstructure -> Lithostitched addStructureSetEntries,Actual class references plus supplied config; runtime application pending
ctov:small/village_plains,minecraft:villages,10,True,CTOV registerstructure -> Lithostitched addStructureSetEntries,Actual class references plus supplied config; runtime application pending
ctov:small/village_plains_fortified,minecraft:villages,10,True,CTOV registerstructure -> Lithostitched addStructureSetEntries,Actual class references plus supplied config; runtime application pending
ctov:small/village_savanna,minecraft:villages,10,True,CTOV registerstructure -> Lithostitched addStructureSetEntries,Actual class references plus supplied config; runtime application pending
ctov:small/village_savanna_na,minecraft:villages,10,True,CTOV registerstructure -> Lithostitched addStructureSetEntries,Actual class references plus supplied config; runtime application pending
ctov:small/village_snowy_igloo,minecraft:villages,10,True,CTOV registerstructure -> Lithostitched addStructureSetEntries,Actual class references plus supplied config; runtime application pending
ctov:small/village_swamp,minecraft:villages,10,True,CTOV registerstructure -> Lithostitched addStructureSetEntries,Actual class references plus supplied config; runtime application pending
ctov:small/village_swamp_fortified,minecraft:villages,10,True,CTOV registerstructure -> Lithostitched addStructureSetEntries,Actual class references plus supplied config; runtime application pending
ctov:small/village_taiga,minecraft:villages,10,True,CTOV registerstructure -> Lithostitched addStructureSetEntries,Actual class references plus supplied config; runtime application pending
ctov:small/village_taiga_fortified,minecraft:villages,10,True,CTOV registerstructure -> Lithostitched addStructureSetEntries,Actual class references plus supplied config; runtime application pending
ctov:medium/village_beach,minecraft:villages,4,True,CTOV registerstructure -> Lithostitched addStructureSetEntries,Actual class references plus supplied config; runtime application pending
ctov:medium/village_christmas,minecraft:villages,4,True,CTOV registerstructure -> Lithostitched addStructureSetEntries,Actual class references plus supplied config; runtime application pending
ctov:medium/village_desert,minecraft:villages,4,True,CTOV registerstructure -> Lithostitched addStructureSetEntries,Actual class references plus supplied config; runtime application pending
ctov:medium/village_desert_oasis,minecraft:villages,4,True,CTOV registerstructure -> Lithostitched addStructureSetEntries,Actual class references plus supplied config; runtime application pending
ctov:medium/village_dark_forest,minecraft:villages,4,True,CTOV registerstructure -> Lithostitched addStructureSetEntries,Actual class references plus supplied config; runtime application pending
ctov:medium/village_jungle,minecraft:villages,4,True,CTOV registerstructure -> Lithostitched addStructureSetEntries,Actual class references plus supplied config; runtime application pending
ctov:medium/village_jungle_tree,minecraft:villages,4,True,CTOV registerstructure -> Lithostitched addStructureSetEntries,Actual class references plus supplied config; runtime application pending
ctov:medium/village_mesa,minecraft:villages,4,True,CTOV registerstructure -> Lithostitched addStructureSetEntries,Actual class references plus supplied config; runtime application pending
ctov:medium/village_mesa_fortified,minecraft:villages,4,True,CTOV registerstructure -> Lithostitched addStructureSetEntries,Actual class references plus supplied config; runtime application pending
ctov:medium/village_mountain,minecraft:villages,4,True,CTOV registerstructure -> Lithostitched addStructureSetEntries,Actual class references plus supplied config; runtime application pending
ctov:medium/village_mountain_alpine,minecraft:villages,4,True,CTOV registerstructure -> Lithostitched addStructureSetEntries,Actual class references plus supplied config; runtime application pending
ctov:medium/village_mushroom,minecraft:villages,4,True,CTOV registerstructure -> Lithostitched addStructureSetEntries,Actual class references plus supplied config; runtime application pending
ctov:medium/village_plains,minecraft:villages,4,True,CTOV registerstructure -> Lithostitched addStructureSetEntries,Actual class references plus supplied config; runtime application pending
ctov:medium/village_plains_fortified,minecraft:villages,4,True,CTOV registerstructure -> Lithostitched addStructureSetEntries,Actual class references plus supplied config; runtime application pending
ctov:medium/village_savanna,minecraft:villages,4,True,CTOV registerstructure -> Lithostitched addStructureSetEntries,Actual class references plus supplied config; runtime application pending
ctov:medium/village_savanna_na,minecraft:villages,4,True,CTOV registerstructure -> Lithostitched addStructureSetEntries,Actual class references plus supplied config; runtime application pending
ctov:medium/village_snowy_igloo,minecraft:villages,4,True,CTOV registerstructure -> Lithostitched addStructureSetEntries,Actual class references plus supplied config; runtime application pending
ctov:medium/village_swamp,minecraft:villages,4,True,CTOV registerstructure -> Lithostitched addStructureSetEntries,Actual class references plus supplied config; runtime application pending
ctov:medium/village_swamp_fortified,minecraft:villages,4,True,CTOV registerstructure -> Lithostitched addStructureSetEntries,Actual class references plus supplied config; runtime application pending
ctov:medium/village_taiga,minecraft:villages,4,True,CTOV registerstructure -> Lithostitched addStructureSetEntries,Actual class references plus supplied config; runtime application pending
ctov:medium/village_taiga_fortified,minecraft:villages,4,True,CTOV registerstructure -> Lithostitched addStructureSetEntries,Actual class references plus supplied config; runtime application pending
ctov:large/village_beach,minecraft:villages,1,True,CTOV registerstructure -> Lithostitched addStructureSetEntries,Actual class references plus supplied config; runtime application pending
ctov:large/village_christmas,minecraft:villages,1,True,CTOV registerstructure -> Lithostitched addStructureSetEntries,Actual class references plus supplied config; runtime application pending
ctov:large/village_desert,minecraft:villages,1,True,CTOV registerstructure -> Lithostitched addStructureSetEntries,Actual class references plus supplied config; runtime application pending
ctov:large/village_desert_oasis,minecraft:villages,1,True,CTOV registerstructure -> Lithostitched addStructureSetEntries,Actual class references plus supplied config; runtime application pending
ctov:large/village_dark_forest,minecraft:villages,1,True,CTOV registerstructure -> Lithostitched addStructureSetEntries,Actual class references plus supplied config; runtime application pending
ctov:large/village_jungle,minecraft:villages,1,True,CTOV registerstructure -> Lithostitched addStructureSetEntries,Actual class references plus supplied config; runtime application pending
ctov:large/village_jungle_tree,minecraft:villages,1,True,CTOV registerstructure -> Lithostitched addStructureSetEntries,Actual class references plus supplied config; runtime application pending
ctov:large/village_mesa,minecraft:villages,1,True,CTOV registerstructure -> Lithostitched addStructureSetEntries,Actual class references plus supplied config; runtime application pending
ctov:large/village_mesa_fortified,minecraft:villages,1,True,CTOV registerstructure -> Lithostitched addStructureSetEntries,Actual class references plus supplied config; runtime application pending
ctov:large/village_mountain,minecraft:villages,1,True,CTOV registerstructure -> Lithostitched addStructureSetEntries,Actual class references plus supplied config; runtime application pending
ctov:large/village_mountain_alpine,minecraft:villages,1,True,CTOV registerstructure -> Lithostitched addStructureSetEntries,Actual class references plus supplied config; runtime application pending
ctov:large/village_mushroom,minecraft:villages,1,True,CTOV registerstructure -> Lithostitched addStructureSetEntries,Actual class references plus supplied config; runtime application pending
ctov:large/village_plains,minecraft:villages,1,True,CTOV registerstructure -> Lithostitched addStructureSetEntries,Actual class references plus supplied config; runtime application pending
ctov:large/village_plains_fortified,minecraft:villages,1,True,CTOV registerstructure -> Lithostitched addStructureSetEntries,Actual class references plus supplied config; runtime application pending
ctov:large/village_savanna,minecraft:villages,1,True,CTOV registerstructure -> Lithostitched addStructureSetEntries,Actual class references plus supplied config; runtime application pending
ctov:large/village_savanna_na,minecraft:villages,1,True,CTOV registerstructure -> Lithostitched addStructureSetEntries,Actual class references plus supplied config; runtime application pending
ctov:large/village_snowy_igloo,minecraft:villages,1,True,CTOV registerstructure -> Lithostitched addStructureSetEntries,Actual class references plus supplied config; runtime application pending
ctov:large/village_swamp,minecraft:villages,1,True,CTOV registerstructure -> Lithostitched addStructureSetEntries,Actual class references plus supplied config; runtime application pending
ctov:large/village_swamp_fortified,minecraft:villages,1,True,CTOV registerstructure -> Lithostitched addStructureSetEntries,Actual class references plus supplied config; runtime application pending
ctov:large/village_taiga,minecraft:villages,1,True,CTOV registerstructure -> Lithostitched addStructureSetEntries,Actual class references plus supplied config; runtime application pending
ctov:large/village_taiga_fortified,minecraft:villages,1,True,CTOV registerstructure -> Lithostitched addStructureSetEntries,Actual class references plus supplied config; runtime application pending
ctov:pillager_outpost_beach,minecraft:pillager_outposts,1,True,CTOV registerstructure -> Lithostitched addStructureSetEntries,Actual class references plus supplied config; runtime application pending
ctov:pillager_outpost_dark_forest,minecraft:pillager_outposts,1,True,CTOV registerstructure -> Lithostitched addStructureSetEntries,Actual class references plus supplied config; runtime application pending
ctov:pillager_outpost_desert,minecraft:pillager_outposts,1,True,CTOV registerstructure -> Lithostitched addStructureSetEntries,Actual class references plus supplied config; runtime application pending
ctov:pillager_outpost_jungle,minecraft:pillager_outposts,1,True,CTOV registerstructure -> Lithostitched addStructureSetEntries,Actual class references plus supplied config; runtime application pending
ctov:pillager_outpost_badlands,minecraft:pillager_outposts,1,True,CTOV registerstructure -> Lithostitched addStructureSetEntries,Actual class references plus supplied config; runtime application pending
ctov:pillager_outpost_mountain,minecraft:pillager_outposts,1,True,CTOV registerstructure -> Lithostitched addStructureSetEntries,Actual class references plus supplied config; runtime application pending
ctov:pillager_outpost_plains,minecraft:pillager_outposts,1,True,CTOV registerstructure -> Lithostitched addStructureSetEntries,Actual class references plus supplied config; runtime application pending
ctov:pillager_outpost_savanna,minecraft:pillager_outposts,1,True,CTOV registerstructure -> Lithostitched addStructureSetEntries,Actual class references plus supplied config; runtime application pending
ctov:pillager_outpost_snowy,minecraft:pillager_outposts,1,True,CTOV registerstructure -> Lithostitched addStructureSetEntries,Actual class references plus supplied config; runtime application pending
ctov:pillager_outpost_swamp,minecraft:pillager_outposts,1,True,CTOV registerstructure -> Lithostitched addStructureSetEntries,Actual class references plus supplied config; runtime application pending
ctov:pillager_outpost_taiga,minecraft:pillager_outposts,1,True,CTOV registerstructure -> Lithostitched addStructureSetEntries,Actual class references plus supplied config; runtime application pending
