structure_id,structure_set_id,dimension_evidence,generation_step,biome_selector,native_tag_values,start_height,native_spacing,native_separation,native_salt,candidate_spacing,candidate_separation,candidate_salt,candidate_attempt_ratio,restrictions
farmers_structures:aether,farmers_structures:aethers_with_all,Aether,surface_structures,#farmers_structures:is_aether_spawn,"[{""id"":""aether:skyroot_meadow"",""required"":false},{""id"":""aether:skyroot_grove"",""required"":false},{""id"":""aether:skyroot_woodland"",""required"":false},{""id"":""aether:skyroot_forest"",""required"":false}]","{""max_inclusive"":{""below_top"":30},""min_inclusive"":{""absolute"":100},""type"":""minecraft:uniform""}",45,25,214225994,31,17,1984020000,2.107,"Original membership, selector, height and native exclusion preserved. Optional absent dimensions remain ineligible."
farmers_structures:afterdark_farms,farmers_structures:afterdark_farms_with_all,Afterdark (optional donor mod),underground_structures,#farmers_structures:is_afterdark_farm_spawn,"[{""id"":""the_afterdark:lush_gardens"",""required"":false},{""id"":""the_afterdark:calcite_fields"",""required"":false},{""id"":""the_afterdark:prismarine_peaks"",""required"":false},{""id"":""the_afterdark:prismarine_ponds"",""required"":false}]","{""max_inclusive"":{""absolute"":100},""min_inclusive"":{""absolute"":1},""type"":""minecraft:uniform""}",64,29,429454167,45,20,1984020001,2.023,"Original membership, selector, height and native exclusion preserved. Optional absent dimensions remain ineligible."
farmers_structures:aquacultures_beach,farmers_structures:aquacultures_beach_with_all,Overworld,surface_structures,#farmers_structures:is_aquaculture_beach_spawn,"[{""id"":""#minecraft:is_beach"",""required"":false}]","{""absolute"":57}",65,31,1935777680,45,21,1984020002,2.086,"Original membership, selector, height and native exclusion preserved. Optional absent dimensions remain ineligible."
farmers_structures:aquacultures_cod,farmers_structures:aquacultures_cod_with_all,Overworld,surface_structures,#farmers_structures:is_aquaculture_cod_spawn,"[""minecraft:plains"",""minecraft:sunflower_plains"",""minecraft:savanna"",""#minecraft:is_forest"",{""id"":""#forge:savanna"",""required"":false},{""id"":""#c:savanna"",""required"":false},{""id"":""#forge:is_forest"",""required"":false},{""id"":""#c:is_forest"",""required"":false}]","{""absolute"":-4}",78,38,126199459,55,27,1984020003,2.011,"Original membership, selector, height and native exclusion preserved. Optional absent dimensions remain ineligible."
farmers_structures:aquacultures_common,farmers_structures:aquacultures_common_with_all,Overworld,surface_structures,#farmers_structures:is_aquaculture_common_spawn,"[""minecraft:plains"",""minecraft:sunflower_plains"",""minecraft:savanna"",""#minecraft:is_hill"",""#minecraft:is_forest"",{""id"":""#forge:is_hill"",""required"":false},{""id"":""#c:is_hill"",""required"":false},{""id"":""#forge:is_forest"",""required"":false},{""id"":""#c:is_forest"",""required"":false}]","{""absolute"":0}",48,26,1837701544,33,18,1984020004,2.116,"Original membership, selector, height and native exclusion preserved. Optional absent dimensions remain ineligible."
farmers_structures:cacaos,farmers_structures:cacaos_with_all,Overworld,surface_structures,#farmers_structures:is_cacao_spawn,"[{""id"":""#minecraft:is_jungle"",""required"":false},{""id"":""minecraft:jungle"",""required"":false},{""id"":""minecraft:sparse_jungle"",""required"":false},{""id"":""minecraft:bamboo_jungle"",""required"":false},{""id"":""#forge:is_jungle"",""required"":false},{""id"":""#byg:is_jungle"",""required"":false},{""id"":""#c:is_jungle"",""required"":false}]","{""absolute"":-2}",65,31,796123667,45,21,1984020005,2.086,"Original membership, selector, height and native exclusion preserved. Optional absent dimensions remain ineligible."
farmers_structures:cooks_moss,farmers_structures:cooks_moss_with_all,Overworld,surface_structures,#farmers_structures:is_cook_moss_spawn,"[{""id"":""minecraft:cherry_grove"",""required"":false}]","{""absolute"":0}",16,14,1406582318,11,10,1984020006,2.116,"Original membership, selector, height and native exclusion preserved. Optional absent dimensions remain ineligible."
farmers_structures:cooks_nether_1,farmers_structures:cooks_nether_1_with_all,Nether,underground_decoration,#farmers_structures:is_cook_nether_1_spawn,"[{""id"":""minecraft:warped_forest"",""required"":false},{""id"":""minecraft:crimson_forest"",""required"":false}]","{""absolute"":26}",30,21,593245336,21,15,1984020007,2.041,"Original membership, selector, height and native exclusion preserved. Optional absent dimensions remain ineligible."
farmers_structures:cooks_nether_2,farmers_structures:cooks_nether_2_with_all,Nether,underground_decoration,#farmers_structures:is_cook_nether_2_spawn,"[{""id"":""minecraft:nether_wastes"",""required"":false}]","{""absolute"":30}",37,28,433617316,26,20,1984020008,2.025,"Original membership, selector, height and native exclusion preserved. Optional absent dimensions remain ineligible."
farmers_structures:cooks,farmers_structures:cooks_with_all,Overworld,surface_structures,#farmers_structures:is_cook_spawn,"[""minecraft:plains"",""minecraft:sunflower_plains"",""minecraft:savanna"",""#minecraft:is_hill"",{""id"":""#c:is_hill"",""required"":false}]","{""absolute"":0}",40,32,736240813,28,22,1984020009,2.041,"Original membership, selector, height and native exclusion preserved. Optional absent dimensions remain ineligible."
farmers_structures:deeper_farms,farmers_structures:deeper_farms_with_all,Deeper and Darker (Otherside),underground_structures,#farmers_structures:is_deeper_farm_spawn,"[{""id"":""deeperdarker:blooming_caverns"",""required"":false}]","{""max_inclusive"":{""absolute"":100},""min_inclusive"":{""absolute"":1},""type"":""minecraft:uniform""}",64,29,129454161,45,20,1984020010,2.023,"Original membership, selector, height and native exclusion preserved. Optional absent dimensions remain ineligible."
farmers_structures:fishs_stew,farmers_structures:fishs_stew_with_all,Overworld,surface_structures,#farmers_structures:is_fish_stew_spawn,"[{""id"":""minecraft:snowy_plains"",""required"":false},{""id"":""minecraft:snowy_slopes"",""required"":false},{""id"":""minecraft:snowy_taiga"",""required"":false},{""id"":""minecraft:snowy_beach"",""required"":false},{""id"":""minecraft:frozen_peaks"",""required"":false},{""id"":""minecraft:ice_spikes"",""required"":false},{""id"":""minecraft:jagged_peaks"",""required"":false},{""id"":""#forge:is_snowy"",""required"":false},{""id"":""#forge:is_taiga"",""required"":false},{""id"":""#byg:is_snowy"",""required"":false},{""id"":""#byg:is_taiga"",""required"":false},{""id"":""#c:is_snowy"",""required"":false},{""id"":""#c:is_icy"",""required"":false}]","{""absolute"":-4}",36,18,886477885,25,12,1984020011,2.074,"Original membership, selector, height and native exclusion preserved. Optional absent dimensions remain ineligible."
farmers_structures:flesh_farms,farmers_structures:flesh_farms_with_all,ihfr_fo (optional donor mod),underground_structures,#farmers_structures:is_flesh_farm_spawn,"[{""id"":""ihfr_fo:nerval_forest"",""required"":false}]","{""max_inclusive"":{""absolute"":80},""min_inclusive"":{""absolute"":60},""type"":""minecraft:uniform""}",64,29,429454167,45,20,1984020012,2.023,"Original membership, selector, height and native exclusion preserved. Optional absent dimensions remain ineligible."
farmers_structures:honey_cake_farms,farmers_structures:honey_cake_farms_with_all,Bumblezone,underground_structures,#farmers_structures:is_honey_cake_farm_spawn,"[{""id"":""the_bumblezone:pollinated_fields"",""required"":false},{""id"":""the_bumblezone:sugar_water_floor"",""required"":false},{""id"":""the_bumblezone:crystal_canyon"",""required"":false},{""id"":""the_bumblezone:floral_meadow"",""required"":false}]","{""max_inclusive"":{""absolute"":90},""min_inclusive"":{""absolute"":30},""type"":""minecraft:uniform""}",64,29,429454167,45,20,1984020013,2.023,"Original membership, selector, height and native exclusion preserved. Optional absent dimensions remain ineligible."
farmers_structures:ratatouilles,farmers_structures:ratatouilles_with_all,Overworld,underground_structures,#farmers_structures:is_ratatouille_spawn,"[{""id"":""#minecraft:is_swamp"",""required"":false},{""id"":""minecraft:swamp"",""required"":false},{""id"":""minecraft:mangrove_swamp"",""required"":false},{""id"":""#forge:is_swamp"",""required"":false},{""id"":""#byg:is_swamp"",""required"":false},{""id"":""#c:is_swamp"",""required"":false}]","{""absolute"":-55}",44,29,429454167,31,20,1984020014,2.015,"Original membership, selector, height and native exclusion preserved. Optional absent dimensions remain ineligible."
farmers_structures:shepherd_farms,farmers_structures:shepherd_farms_with_all,Overworld,surface_structures,#farmers_structures:is_cook_spawn,"[""minecraft:plains"",""minecraft:sunflower_plains"",""minecraft:savanna"",""#minecraft:is_hill"",{""id"":""#c:is_hill"",""required"":false}]","{""absolute"":-9}",141,121,1007701540,99,85,1984020015,2.028,"Original membership, selector, height and native exclusion preserved. Optional absent dimensions remain ineligible."
farmers_structures:squids,farmers_structures:squids_with_all,Overworld,underground_structures,#farmers_structures:is_squid_spawn,"[{""id"":""#minecraft:is_taiga"",""required"":false},{""id"":""minecraft:taiga"",""required"":false},{""id"":""minecraft:old_growth_pine_taiga"",""required"":false},{""id"":""minecraft:old_growth_spruce_taiga"",""required"":false},{""id"":""minecraft:dark_forest"",""required"":false},{""id"":""#forge:is_spooky"",""required"":false},{""id"":""#forge:is_taiga"",""required"":false},{""id"":""#byg:is_spooky"",""required"":false},{""id"":""#byg:is_taiga"",""required"":false},{""id"":""#c:is_spooky"",""required"":false},{""id"":""#c:is_taiga"",""required"":false}]","{""absolute"":-40}",38,22,429454167,26,15,1984020016,2.136,"Original membership, selector, height and native exclusion preserved. Optional absent dimensions remain ineligible."
farmers_structures:sushis,farmers_structures:sushus_with_all,Overworld,surface_structures,#farmers_structures:is_sushi_spawn,"[{""id"":""#minecraft:is_river"",""required"":false},{""id"":""minecraft:river"",""required"":false},{""id"":""#forge:is_river"",""required"":false},{""id"":""#byg:is_river"",""required"":false},{""id"":""#c:is_river"",""required"":false}]","{""absolute"":48}",54,24,1314228740,38,17,1984020017,2.019,"Original membership, selector, height and native exclusion preserved. Optional absent dimensions remain ineligible."
farmers_structures:undergardens_sea,farmers_structures:undergardens_sea_with_all,Undergarden,top_layer_modification,#farmers_structures:is_undergarden_sea_spawn,"[{""id"":""undergarden:ancient_sea"",""required"":false},{""id"":""undergarden:icy_sea"",""required"":false}]","{""absolute"":27}",155,120,664652465,109,84,1984020018,2.022,"Original membership, selector, height and native exclusion preserved. Optional absent dimensions remain ineligible."
farmers_structures:undergardens,farmers_structures:undergardens_with_all,Undergarden,top_layer_modification,#farmers_structures:is_undergarden_spawn,"[{""id"":""undergarden:barren_abyss"",""required"":false},{""id"":""undergarden:blood_mushroom_bog"",""required"":false},{""id"":""undergarden:dense_forest"",""required"":false},{""id"":""undergarden:forgotten_field"",""required"":false},{""id"":""undergarden:frostfields"",""required"":false},{""id"":""undergarden:frosty_smogstem_forest"",""required"":false},{""id"":""undergarden:gronglegrowth"",""required"":false},{""id"":""undergarden:indigo_mushroom_bog"",""required"":false},{""id"":""undergarden:ink_mushroom_bog"",""required"":false},{""id"":""undergarden:smogstem_forest"",""required"":false},{""id"":""undergarden:smog_spires"",""required"":false},{""id"":""undergarden:veil_mushroom_bog"",""required"":false},{""id"":""undergarden:wigglewood_forest"",""required"":false}]","{""max_inclusive"":{""absolute"":80},""min_inclusive"":{""absolute"":30},""type"":""minecraft:uniform""}",95,80,9946924945,67,56,1984020019,2.01,"Original membership, selector, height and native exclusion preserved. Optional absent dimensions remain ineligible."
