registry_number,candidate,recorded_assessment_and_description,screening_decision,evidence_scope,master_decision,required_before_install
1,Integrated Patches,HIGH — structure terrain/placement repair.,AUDIT_WORLDGEN_OR_PLACEMENT_ROUTES,Description triage only; no binary audit or current-version compatibility certification.,Already retained by the locked current build.,"Exact 1.21.1 NeoForge binary, dependency closure, resources/builtin packs/features/code route screen."
2,Integrated Mowzie's Mobs,HIGH — better Mowzie structure integration.,AUDIT_WORLDGEN_OR_PLACEMENT_ROUTES,Description triage only; no binary audit or current-version compatibility certification.,Unselected research backlog; current master TODO takes precedence.,"Exact 1.21.1 NeoForge binary, dependency closure, resources/builtin packs/features/code route screen."
3,Integrated Dungeons Arise,"REPLACE — evaluate instead of original WDA, never blindly together.",AUDIT_WORLDGEN_OR_PLACEMENT_ROUTES,Description triage only; no binary audit or current-version compatibility certification.,Unselected research backlog; current master TODO takes precedence.,"Exact 1.21.1 NeoForge binary, dependency closure, resources/builtin packs/features/code route screen."
4,Ancient Remnants: Monoliths,HIGH — rare monumental content/blessings.,NO_STRUCTURE_CLAIM_IN_RECORDED_DESCRIPTION,Description triage only; no binary audit or current-version compatibility certification.,Unselected research backlog; current master TODO takes precedence.,"Exact 1.21.1 NeoForge binary, dependency closure, resources/builtin packs/features/code route screen."
5,Nether Trials & Chambers,HIGH — Nether trial/vault content.,AUDIT_WORLDGEN_OR_PLACEMENT_ROUTES,Description triage only; no binary audit or current-version compatibility certification.,Unselected research backlog; current master TODO takes precedence.,"Exact 1.21.1 NeoForge binary, dependency closure, resources/builtin packs/features/code route screen."
6,Archaion: Echoes of the Fallen,HIGH — trials/keep/boss; quality test first.,AUDIT_WORLDGEN_OR_PLACEMENT_ROUTES,Description triage only; no binary audit or current-version compatibility certification.,Approved; exact binary/dependencies still pending.,"Exact 1.21.1 NeoForge binary, dependency closure, resources/builtin packs/features/code route screen."
7,Dimensional Dungeons,HIGH — renewable server-friendly dungeon dimension.,AUDIT_WORLDGEN_OR_PLACEMENT_ROUTES,Description triage only; no binary audit or current-version compatibility certification.,Unselected research backlog; current master TODO takes precedence.,"Exact 1.21.1 NeoForge binary, dependency closure, resources/builtin packs/features/code route screen."
8,Sunken Spires,HIGH — required datapack candidate once Paxi/global datapacks are live.,NO_STRUCTURE_CLAIM_IN_RECORDED_DESCRIPTION,Description triage only; no binary audit or current-version compatibility certification.,Deferred ocean expansion.,"Exact 1.21.1 NeoForge binary, dependency closure, resources/builtin packs/features/code route screen."
9,Better End Cities Better End,REPLACE — A/B against Bigger Better End Cities.,NO_STRUCTURE_CLAIM_IN_RECORDED_DESCRIPTION,Description triage only; no binary audit or current-version compatibility certification.,Unselected research backlog; current master TODO takes precedence.,"Exact 1.21.1 NeoForge binary, dependency closure, resources/builtin packs/features/code route screen."
10,Moog's Temples Reimagined,MED — strong donor-list carry-back.,AUDIT_WORLDGEN_OR_PLACEMENT_ROUTES,Description triage only; no binary audit or current-version compatibility certification.,Unselected research backlog; current master TODO takes precedence.,"Exact 1.21.1 NeoForge binary, dependency closure, resources/builtin packs/features/code route screen."
11,Antique Trading Ship,"MED — good ocean landmark, but audit against Seven Seas/Sunken Spires density.",AUDIT_WORLDGEN_OR_PLACEMENT_ROUTES,Description triage only; no binary audit or current-version compatibility certification.,Unselected research backlog; current master TODO takes precedence.,"Exact 1.21.1 NeoForge binary, dependency closure, resources/builtin packs/features/code route screen."
12,Villagers Reborn,MED — settlement/NPC flavour; verify exact 1.21.1 NeoForge route and overlap.,AUDIT_WORLDGEN_OR_PLACEMENT_ROUTES,Description triage only; no binary audit or current-version compatibility certification.,Unselected research backlog; current master TODO takes precedence.,"Exact 1.21.1 NeoForge binary, dependency closure, resources/builtin packs/features/code route screen."
13,Astral Dimension,MED — viable native 1.21.1 dimension candidate.,AUDIT_WORLDGEN_OR_PLACEMENT_ROUTES,Description triage only; no binary audit or current-version compatibility certification.,Unselected research backlog; current master TODO takes precedence.,"Exact 1.21.1 NeoForge binary, dependency closure, resources/builtin packs/features/code route screen."
14,Samurai Dynasty,"MED — viable 1.21.1, but beta and gear-heavy.",NO_STRUCTURE_CLAIM_IN_RECORDED_DESCRIPTION,Description triage only; no binary audit or current-version compatibility certification.,Unselected research backlog; current master TODO takes precedence.,"Exact 1.21.1 NeoForge binary, dependency closure, resources/builtin packs/features/code route screen."
15,Mine Cells,HIGH — exceptional Fabric content; five dimension-dungeons + bosses; Connector isolation test.,AUDIT_WORLDGEN_OR_PLACEMENT_ROUTES,Description triage only; no binary audit or current-version compatibility certification.,Unselected research backlog; current master TODO takes precedence.,"Exact 1.21.1 NeoForge binary, dependency closure, resources/builtin packs/features/code route screen."
16,Oblivion,HIGH — Fabric late-game dimension; Connector isolation test.,AUDIT_WORLDGEN_OR_PLACEMENT_ROUTES,Description triage only; no binary audit or current-version compatibility certification.,Unselected research backlog; current master TODO takes precedence.,"Exact 1.21.1 NeoForge binary, dependency closure, resources/builtin packs/features/code route screen."
17,DungeonZ,MED — Fabric instanced dungeon framework; behind native Dimensional Dungeons in priority.,AUDIT_WORLDGEN_OR_PLACEMENT_ROUTES,Description triage only; no binary audit or current-version compatibility certification.,Unselected research backlog; current master TODO takes precedence.,"Exact 1.21.1 NeoForge binary, dependency closure, resources/builtin packs/features/code route screen."
18,AdventureZ,MED — Fabric End-boss/creature candidate; only worth Connector if boss quality earns it.,AUDIT_WORLDGEN_OR_PLACEMENT_ROUTES,Description triage only; no binary audit or current-version compatibility certification.,Unselected research backlog; current master TODO takes precedence.,"Exact 1.21.1 NeoForge binary, dependency closure, resources/builtin packs/features/code route screen."
19,Dimensions & Dungeons,MED — native 1.21.1; compare directly with Dimensional Dungeons.,AUDIT_WORLDGEN_OR_PLACEMENT_ROUTES,Description triage only; no binary audit or current-version compatibility certification.,Unselected research backlog; current master TODO takes precedence.,"Exact 1.21.1 NeoForge binary, dependency closure, resources/builtin packs/features/code route screen."
20,ArcadiaDungeon,"WATCH — configurable 1.21.1 server dungeon framework with scaling/waves/rewards, but dedicated-server oriented and explicitly not designed for solo; poor fit as a core AO system unless that changes.",AUDIT_WORLDGEN_OR_PLACEMENT_ROUTES,Description triage only; no binary audit or current-version compatibility certification.,Unselected research backlog; current master TODO takes precedence.,"Exact 1.21.1 NeoForge binary, dependency closure, resources/builtin packs/features/code route screen."
21,EpicQuestDungeoning,"HIGH/MED authoring audit — current 1.21.1 builds can create keyed, replayable jigsaw dungeon instances that wipe after group extraction; unusually strong answer to the missing repeatable-endgame loop, but requires AO-authored dungeon content.",AUDIT_WORLDGEN_OR_PLACEMENT_ROUTES,Description triage only; no binary audit or current-version compatibility certification.,Unselected research backlog; current master TODO takes precedence.,"Exact 1.21.1 NeoForge binary, dependency closure, resources/builtin packs/features/code route screen."
22,Boss Journal,"WATCH — configurable boss encounter/progression/reward framework with repeatable encounters, but the project is extremely new; potentially useful much later after it matures.",AUDIT_WORLDGEN_OR_PLACEMENT_ROUTES,Description triage only; no binary audit or current-version compatibility certification.,Unselected research backlog; current master TODO takes precedence.,"Exact 1.21.1 NeoForge binary, dependency closure, resources/builtin packs/features/code route screen."
23,Savage Ender Dragon,LATE — dragon-mechanics/difficulty audit before final End balance.,NO_STRUCTURE_CLAIM_IN_RECORDED_DESCRIPTION,Description triage only; no binary audit or current-version compatibility certification.,Unselected research backlog; current master TODO takes precedence.,"Exact 1.21.1 NeoForge binary, dependency closure, resources/builtin packs/features/code route screen."
24,Paxi,HIGH infrastructure — global datapack delivery for Sunken Spires + pack integration data.,AUDIT_WORLDGEN_OR_PLACEMENT_ROUTES,Description triage only; no binary audit or current-version compatibility certification.,Unselected research backlog; current master TODO takes precedence.,"Exact 1.21.1 NeoForge binary, dependency closure, resources/builtin packs/features/code route screen."
25,Pufferfish's Skills,HIGH — leading framework for an Ambient Odyssey-owned tree.,NO_STRUCTURE_CLAIM_IN_RECORDED_DESCRIPTION,Description triage only; no binary audit or current-version compatibility certification.,Unselected research backlog; current master TODO takes precedence.,"Exact 1.21.1 NeoForge binary, dependency closure, resources/builtin packs/features/code route screen."
26,Iron's Spells Dynamic Skill Trees,HIGH — strong magic-tree candidate; audit power inflation.,NO_STRUCTURE_CLAIM_IN_RECORDED_DESCRIPTION,Description triage only; no binary audit or current-version compatibility certification.,Unselected research backlog; current master TODO takes precedence.,"Exact 1.21.1 NeoForge binary, dependency closure, resources/builtin packs/features/code route screen."
27,Pufferfish Skills: Iron's Spellbooks Compat,HIGH — competing cleaner route for a custom tree.,NO_STRUCTURE_CLAIM_IN_RECORDED_DESCRIPTION,Description triage only; no binary audit or current-version compatibility certification.,Unselected research backlog; current master TODO takes precedence.,"Exact 1.21.1 NeoForge binary, dependency closure, resources/builtin packs/features/code route screen."
28,Passive Skill Tree NeoForge,MED — datapack-configurable native port; very new.,NO_STRUCTURE_CLAIM_IN_RECORDED_DESCRIPTION,Description triage only; no binary audit or current-version compatibility certification.,Unselected research backlog; current master TODO takes precedence.,"Exact 1.21.1 NeoForge binary, dependency closure, resources/builtin packs/features/code route screen."
29,Wan's Skill Tree,"WATCH — configurable, but extremely new/small.",NO_STRUCTURE_CLAIM_IN_RECORDED_DESCRIPTION,Description triage only; no binary audit or current-version compatibility certification.,Unselected research backlog; current master TODO takes precedence.,"Exact 1.21.1 NeoForge binary, dependency closure, resources/builtin packs/features/code route screen."
30,Stronger Skill Tree for Pufferfish's Skills,LATE — strong power fantasy; balance risk.,NO_STRUCTURE_CLAIM_IN_RECORDED_DESCRIPTION,Description triage only; no binary audit or current-version compatibility certification.,Unselected research backlog; current master TODO takes precedence.,"Exact 1.21.1 NeoForge binary, dependency closure, resources/builtin packs/features/code route screen."
31,NeoOrigins,HIGH — leading modern 1.21.1 Origins base if Origins returns.,NO_STRUCTURE_CLAIM_IN_RECORDED_DESCRIPTION,Description triage only; no binary audit or current-version compatibility certification.,Unselected research backlog; current master TODO takes precedence.,"Exact 1.21.1 NeoForge binary, dependency closure, resources/builtin packs/features/code route screen."
32,Origins: Classes NeoForge,MED — early-development companion.,NO_STRUCTURE_CLAIM_IN_RECORDED_DESCRIPTION,Description triage only; no binary audit or current-version compatibility certification.,Unselected research backlog; current master TODO takes precedence.,"Exact 1.21.1 NeoForge binary, dependency closure, resources/builtin packs/features/code route screen."
33,Homebrew Origins,MED — fantasy NeoOrigins addon with Iron's Spells potential.,NO_STRUCTURE_CLAIM_IN_RECORDED_DESCRIPTION,Description triage only; no binary audit or current-version compatibility certification.,Unselected research backlog; current master TODO takes precedence.,"Exact 1.21.1 NeoForge binary, dependency closure, resources/builtin packs/features/code route screen."
34,Origins Fantasy for NeoOrigins,MED — fantasy/evolution addon alternative.,NO_STRUCTURE_CLAIM_IN_RECORDED_DESCRIPTION,Description triage only; no binary audit or current-version compatibility certification.,Unselected research backlog; current master TODO takes precedence.,"Exact 1.21.1 NeoForge binary, dependency closure, resources/builtin packs/features/code route screen."
35,TarotCards: Remastered,HIGH — rare passive-buff collectibles if deliberately configured.,NO_STRUCTURE_CLAIM_IN_RECORDED_DESCRIPTION,Description triage only; no binary audit or current-version compatibility certification.,Unselected research backlog; current master TODO takes precedence.,"Exact 1.21.1 NeoForge binary, dependency closure, resources/builtin packs/features/code route screen."
36,Apothic Compats,HIGH — unusually strong fit with many mods already installed.,NO_STRUCTURE_CLAIM_IN_RECORDED_DESCRIPTION,Description triage only; no binary audit or current-version compatibility certification.,Unselected research backlog; current master TODO takes precedence.,"Exact 1.21.1 NeoForge binary, dependency closure, resources/builtin packs/features/code route screen."
37,Apothic Ascension,LATE/HIGH — extended endgame Apotheosis tiers; pair with superboss balancing.,AUDIT_WORLDGEN_OR_PLACEMENT_ROUTES,Description triage only; no binary audit or current-version compatibility certification.,Unselected research backlog; current master TODO takes precedence.,"Exact 1.21.1 NeoForge binary, dependency closure, resources/builtin packs/features/code route screen."
38,Ancient Reforging,MED — deeper affixed gear; raises power ceiling.,NO_STRUCTURE_CLAIM_IN_RECORDED_DESCRIPTION,Description triage only; no binary audit or current-version compatibility certification.,Unselected research backlog; current master TODO takes precedence.,"Exact 1.21.1 NeoForge binary, dependency closure, resources/builtin packs/features/code route screen."
39,Apotheotic Additions 1.21.1 port,LATE — requested native port project.,NO_STRUCTURE_CLAIM_IN_RECORDED_DESCRIPTION,Description triage only; no binary audit or current-version compatibility certification.,Unselected research backlog; current master TODO takes precedence.,"Exact 1.21.1 NeoForge binary, dependency closure, resources/builtin packs/features/code route screen."
40,Relics of Rain + current compatibility fix,"MED — viable Relics expansion, but adds a shim.",NO_STRUCTURE_CLAIM_IN_RECORDED_DESCRIPTION,Description triage only; no binary audit or current-version compatibility certification.,Unselected research backlog; current master TODO takes precedence.,"Exact 1.21.1 NeoForge binary, dependency closure, resources/builtin packs/features/code route screen."
41,Fantasy Armor (Medieval Series),HIGH — best current visual/transmog armor candidate.,NO_STRUCTURE_CLAIM_IN_RECORDED_DESCRIPTION,Description triage only; no binary audit or current-version compatibility certification.,Unselected research backlog; current master TODO takes precedence.,"Exact 1.21.1 NeoForge binary, dependency closure, resources/builtin packs/features/code route screen."
42,Celestisynth,"MED — distinctive weapon progression, but current weapon ecosystem is already crowded.",NO_STRUCTURE_CLAIM_IN_RECORDED_DESCRIPTION,Description triage only; no binary audit or current-version compatibility certification.,Unselected research backlog; current master TODO takes precedence.,"Exact 1.21.1 NeoForge binary, dependency closure, resources/builtin packs/features/code route screen."
43,Wind's Spellbooks,MED — donor-list Iron's Spells addon carry-back.,NO_STRUCTURE_CLAIM_IN_RECORDED_DESCRIPTION,Description triage only; no binary audit or current-version compatibility certification.,Unselected research backlog; current master TODO takes precedence.,"Exact 1.21.1 NeoForge binary, dependency closure, resources/builtin packs/features/code route screen."
44,Specs: Iron's Spells addon,"LOW/MED — current route exists, but recipe manipulation needs compatibility testing with T.O/data warnings.",NO_STRUCTURE_CLAIM_IN_RECORDED_DESCRIPTION,Description triage only; no binary audit or current-version compatibility certification.,Unselected research backlog; current master TODO takes precedence.,"Exact 1.21.1 NeoForge binary, dependency closure, resources/builtin packs/features/code route screen."
45,Constructs Casting,MED — donor magic candidate; exact 1.21.1 integration audit still required.,NO_STRUCTURE_CLAIM_IN_RECORDED_DESCRIPTION,Description triage only; no binary audit or current-version compatibility certification.,Unselected research backlog; current master TODO takes precedence.,"Exact 1.21.1 NeoForge binary, dependency closure, resources/builtin packs/features/code route screen."
46,Icarus,LOW — wings/mobility; competes with other late-game traversal.,NO_STRUCTURE_CLAIM_IN_RECORDED_DESCRIPTION,Description triage only; no binary audit or current-version compatibility certification.,Unselected research backlog; current master TODO takes precedence.,"Exact 1.21.1 NeoForge binary, dependency closure, resources/builtin packs/features/code route screen."
47,Inventory Pets,"LOW — native 1.21.1 exists, but portable buffs overlap Relics/Tarot heavily.",NO_STRUCTURE_CLAIM_IN_RECORDED_DESCRIPTION,Description triage only; no binary audit or current-version compatibility certification.,Unselected research backlog; current master TODO takes precedence.,"Exact 1.21.1 NeoForge binary, dependency closure, resources/builtin packs/features/code route screen."
48,Alshanex Familiars,LATE — explicitly side-tracked with Cobblemon.,NO_STRUCTURE_CLAIM_IN_RECORDED_DESCRIPTION,Description triage only; no binary audit or current-version compatibility certification.,Unselected research backlog; current master TODO takes precedence.,"Exact 1.21.1 NeoForge binary, dependency closure, resources/builtin packs/features/code route screen."
49,Critters & Companions,HIGH — strongest small/pet-animal fit.,NO_STRUCTURE_CLAIM_IN_RECORDED_DESCRIPTION,Description triage only; no binary audit or current-version compatibility certification.,Unselected research backlog; current master TODO takes precedence.,"Exact 1.21.1 NeoForge binary, dependency closure, resources/builtin packs/features/code route screen."
50,Minks & Misfits,MED — unusual underrepresented animals; small/new project.,NO_STRUCTURE_CLAIM_IN_RECORDED_DESCRIPTION,Description triage only; no binary audit or current-version compatibility certification.,Unselected research backlog; current master TODO takes precedence.,"Exact 1.21.1 NeoForge binary, dependency closure, resources/builtin packs/features/code route screen."
51,CreatureCorner,MED — small wildlife addition; evaluate against spawn budget.,NO_STRUCTURE_CLAIM_IN_RECORDED_DESCRIPTION,Description triage only; no binary audit or current-version compatibility certification.,Unselected research backlog; current master TODO takes precedence.,"Exact 1.21.1 NeoForge binary, dependency closure, resources/builtin packs/features/code route screen."
52,Naturalist,"REPLACE/MED — high quality, but overlaps Alex's Mobs too much for automatic stacking.",NO_STRUCTURE_CLAIM_IN_RECORDED_DESCRIPTION,Description triage only; no binary audit or current-version compatibility certification.,Unselected research backlog; current master TODO takes precedence.,"Exact 1.21.1 NeoForge binary, dependency closure, resources/builtin packs/features/code route screen."
53,Aquaculture Delight,MED — natural Aquaculture/Farmer's Delight bridge.,NO_STRUCTURE_CLAIM_IN_RECORDED_DESCRIPTION,Description triage only; no binary audit or current-version compatibility certification.,Unselected research backlog; current master TODO takes precedence.,"Exact 1.21.1 NeoForge binary, dependency closure, resources/builtin packs/features/code route screen."
54,Farmer's Sandwiches,MED — later food variety.,NO_STRUCTURE_CLAIM_IN_RECORDED_DESCRIPTION,Description triage only; no binary audit or current-version compatibility certification.,Unselected research backlog; current master TODO takes precedence.,"Exact 1.21.1 NeoForge binary, dependency closure, resources/builtin packs/features/code route screen."
55,Farmer's Pizzeria,MED — later food variety.,NO_STRUCTURE_CLAIM_IN_RECORDED_DESCRIPTION,Description triage only; no binary audit or current-version compatibility certification.,Unselected research backlog; current master TODO takes precedence.,"Exact 1.21.1 NeoForge binary, dependency closure, resources/builtin packs/features/code route screen."
56,Brewin' And Chewin',"MED — strong Farmer's Delight addon, but adds another consumable-buff economy.",NO_STRUCTURE_CLAIM_IN_RECORDED_DESCRIPTION,Description triage only; no binary audit or current-version compatibility certification.,Unselected research backlog; current master TODO takes precedence.,"Exact 1.21.1 NeoForge binary, dependency closure, resources/builtin packs/features/code route screen."
57,Veggies Delight,MED — later food variety.,NO_STRUCTURE_CLAIM_IN_RECORDED_DESCRIPTION,Description triage only; no binary audit or current-version compatibility certification.,Unselected research backlog; current master TODO takes precedence.,"Exact 1.21.1 NeoForge binary, dependency closure, resources/builtin packs/features/code route screen."
58,Chef's Delight,MED — later food/utility.,NO_STRUCTURE_CLAIM_IN_RECORDED_DESCRIPTION,Description triage only; no binary audit or current-version compatibility certification.,Unselected research backlog; current master TODO takes precedence.,"Exact 1.21.1 NeoForge binary, dependency closure, resources/builtin packs/features/code route screen."
59,Pam's HarvestCraft 2 Food Core,LOW — huge recipe/food breadth; likely redundant with the Delight ecosystem.,NO_STRUCTURE_CLAIM_IN_RECORDED_DESCRIPTION,Description triage only; no binary audit or current-version compatibility certification.,Unselected research backlog; current master TODO takes precedence.,"Exact 1.21.1 NeoForge binary, dependency closure, resources/builtin packs/features/code route screen."
60,Nature's Spirit,HIGH/REPLACE — native 1.21.1; serious alternative during biome-stack A/B.,AUDIT_WORLDGEN_OR_PLACEMENT_ROUTES,Description triage only; no binary audit or current-version compatibility certification.,Unselected research backlog; current master TODO takes precedence.,"Exact 1.21.1 NeoForge binary, dependency closure, resources/builtin packs/features/code route screen."
61,Oh The Biomes We've Gone,"MED/REPLACE — donor candidate; 50+ biomes, but another large worldgen surface.",AUDIT_WORLDGEN_OR_PLACEMENT_ROUTES,Description triage only; no binary audit or current-version compatibility certification.,Unselected research backlog; current master TODO takes precedence.,"Exact 1.21.1 NeoForge binary, dependency closure, resources/builtin packs/features/code route screen."
62,Terralith,"MED/REPLACE — excellent terrain/biomes, but overlaps Tectonic strongly.",AUDIT_WORLDGEN_OR_PLACEMENT_ROUTES,Description triage only; no binary audit or current-version compatibility certification.,Unselected research backlog; current master TODO takes precedence.,"Exact 1.21.1 NeoForge binary, dependency closure, resources/builtin packs/features/code route screen."
63,Alive Desire Paths 1.41.0,HIGH re-test — re-audit newer build alone; old combination remains parked.,NO_STRUCTURE_CLAIM_IN_RECORDED_DESCRIPTION,Description triage only; no binary audit or current-version compatibility certification.,Unselected research backlog; current master TODO takes precedence.,"Exact 1.21.1 NeoForge binary, dependency closure, resources/builtin packs/features/code route screen."
64,One-Sleep Timelapse,MED/LATE — multiplayer ambience/QoL after core stability.,NO_STRUCTURE_CLAIM_IN_RECORDED_DESCRIPTION,Description triage only; no binary audit or current-version compatibility certification.,Unselected research backlog; current master TODO takes precedence.,"Exact 1.21.1 NeoForge binary, dependency closure, resources/builtin packs/features/code route screen."
65,AmbientSounds 6,HIGH/LATE — excellent fit with Ambient Odyssey's identity.,NO_STRUCTURE_CLAIM_IN_RECORDED_DESCRIPTION,Description triage only; no binary audit or current-version compatibility certification.,Unselected research backlog; current master TODO takes precedence.,"Exact 1.21.1 NeoForge binary, dependency closure, resources/builtin packs/features/code route screen."
66,Sound Physics Remastered,HIGH/LATE — excellent atmosphere improvement.,NO_STRUCTURE_CLAIM_IN_RECORDED_DESCRIPTION,Description triage only; no binary audit or current-version compatibility certification.,Unselected research backlog; current master TODO takes precedence.,"Exact 1.21.1 NeoForge binary, dependency closure, resources/builtin packs/features/code route screen."
67,BiomeBloom,HIGH/LATE — planned resource-pack atmosphere pass.,AUDIT_WORLDGEN_OR_PLACEMENT_ROUTES,Description triage only; no binary audit or current-version compatibility certification.,Unselected research backlog; current master TODO takes precedence.,"Exact 1.21.1 NeoForge binary, dependency closure, resources/builtin packs/features/code route screen."
68,Benigamer's Enhanced Visuals,MED/LATE — resource-pack polish; dependency audit required.,NO_STRUCTURE_CLAIM_IN_RECORDED_DESCRIPTION,Description triage only; no binary audit or current-version compatibility certification.,Unselected research backlog; current master TODO takes precedence.,"Exact 1.21.1 NeoForge binary, dependency closure, resources/builtin packs/features/code route screen."
69,Musgo,MED/LATE — resource-pack polish.,NO_STRUCTURE_CLAIM_IN_RECORDED_DESCRIPTION,Description triage only; no binary audit or current-version compatibility certification.,Unselected research backlog; current master TODO takes precedence.,"Exact 1.21.1 NeoForge binary, dependency closure, resources/builtin packs/features/code route screen."
70,Sunbathing Godrays,MED/LATE — visual atmosphere resource-pack candidate.,NO_STRUCTURE_CLAIM_IN_RECORDED_DESCRIPTION,Description triage only; no binary audit or current-version compatibility certification.,Unselected research backlog; current master TODO takes precedence.,"Exact 1.21.1 NeoForge binary, dependency closure, resources/builtin packs/features/code route screen."
71,Traveler's Titles,MED/LATE — exploration presentation; UI work intentionally later.,NO_STRUCTURE_CLAIM_IN_RECORDED_DESCRIPTION,Description triage only; no binary audit or current-version compatibility certification.,Unselected research backlog; current master TODO takes precedence.,"Exact 1.21.1 NeoForge binary, dependency closure, resources/builtin packs/features/code route screen."
72,Explorer's Compass,MED — useful in a structure-heavy pack but can trivialize exploration; config audit.,AUDIT_WORLDGEN_OR_PLACEMENT_ROUTES,Description triage only; no binary audit or current-version compatibility certification.,Unselected research backlog; current master TODO takes precedence.,"Exact 1.21.1 NeoForge binary, dependency closure, resources/builtin packs/features/code route screen."
73,Nature's Compass,MED — useful with many biomes/dimensions; audit discovery balance.,AUDIT_WORLDGEN_OR_PLACEMENT_ROUTES,Description triage only; no binary audit or current-version compatibility certification.,Unselected research backlog; current master TODO takes precedence.,"Exact 1.21.1 NeoForge binary, dependency closure, resources/builtin packs/features/code route screen."
74,Advancement Plaques,LOW/LATE — presentation only.,NO_STRUCTURE_CLAIM_IN_RECORDED_DESCRIPTION,Description triage only; no binary audit or current-version compatibility certification.,Unselected research backlog; current master TODO takes precedence.,"Exact 1.21.1 NeoForge binary, dependency closure, resources/builtin packs/features/code route screen."
75,BetterF3,"LOW/LATE — useful debug/QoL, but not needed during pack identity work.",NO_STRUCTURE_CLAIM_IN_RECORDED_DESCRIPTION,Description triage only; no binary audit or current-version compatibility certification.,Unselected research backlog; current master TODO takes precedence.,"Exact 1.21.1 NeoForge binary, dependency closure, resources/builtin packs/features/code route screen."
76,Chat Heads,LOW/LATE — multiplayer polish.,NO_STRUCTURE_CLAIM_IN_RECORDED_DESCRIPTION,Description triage only; no binary audit or current-version compatibility certification.,Unselected research backlog; current master TODO takes precedence.,"Exact 1.21.1 NeoForge binary, dependency closure, resources/builtin packs/features/code route screen."
77,What Are They Up To (WATUT),MED/LATE — multiplayer presence/immersion.,NO_STRUCTURE_CLAIM_IN_RECORDED_DESCRIPTION,Description triage only; no binary audit or current-version compatibility certification.,Unselected research backlog; current master TODO takes precedence.,"Exact 1.21.1 NeoForge binary, dependency closure, resources/builtin packs/features/code route screen."
78,Xaero's Maps x Waystones compatibility,"HIGH QoL — small, focused integration worth auditing.",NO_STRUCTURE_CLAIM_IN_RECORDED_DESCRIPTION,Description triage only; no binary audit or current-version compatibility certification.,Unselected research backlog; current master TODO takes precedence.,"Exact 1.21.1 NeoForge binary, dependency closure, resources/builtin packs/features/code route screen."
79,FTB Chunks x Xaero map compatibility,HIGH QoL — reduces duplicate-map friction if current version support is clean.,NO_STRUCTURE_CLAIM_IN_RECORDED_DESCRIPTION,Description triage only; no binary audit or current-version compatibility certification.,Unselected research backlog; current master TODO takes precedence.,"Exact 1.21.1 NeoForge binary, dependency closure, resources/builtin packs/features/code route screen."
80,Noisiumed,HIGH — first worldgen-performance A/B target.,AUDIT_WORLDGEN_OR_PLACEMENT_ROUTES,Description triage only; no binary audit or current-version compatibility certification.,Unselected research backlog; current master TODO takes precedence.,"Exact 1.21.1 NeoForge binary, dependency closure, resources/builtin packs/features/code route screen."
81,AllTheLeaks,HIGH — memory-leak fixes for long sessions/servers.,NO_STRUCTURE_CLAIM_IN_RECORDED_DESCRIPTION,Description triage only; no binary audit or current-version compatibility certification.,Unselected research backlog; current master TODO takes precedence.,"Exact 1.21.1 NeoForge binary, dependency closure, resources/builtin packs/features/code route screen."
82,Smooth Chunk Save,HIGH — target chunk-save spikes.,NO_STRUCTURE_CLAIM_IN_RECORDED_DESCRIPTION,Description triage only; no binary audit or current-version compatibility certification.,Unselected research backlog; current master TODO takes precedence.,"Exact 1.21.1 NeoForge binary, dependency closure, resources/builtin packs/features/code route screen."
83,FastSuite,HIGH — recipe-system optimization; benchmark with JEI-heavy startup.,NO_STRUCTURE_CLAIM_IN_RECORDED_DESCRIPTION,Description triage only; no binary audit or current-version compatibility certification.,Unselected research backlog; current master TODO takes precedence.,"Exact 1.21.1 NeoForge binary, dependency closure, resources/builtin packs/features/code route screen."
84,Clumps,HIGH/LOW-RISK — reduce XP entity load.,NO_STRUCTURE_CLAIM_IN_RECORDED_DESCRIPTION,Description triage only; no binary audit or current-version compatibility certification.,Unselected research backlog; current master TODO takes precedence.,"Exact 1.21.1 NeoForge binary, dependency closure, resources/builtin packs/features/code route screen."
85,Entity Culling,HIGH client test — FPS candidate.,NO_STRUCTURE_CLAIM_IN_RECORDED_DESCRIPTION,Description triage only; no binary audit or current-version compatibility certification.,Unselected research backlog; current master TODO takes precedence.,"Exact 1.21.1 NeoForge binary, dependency closure, resources/builtin packs/features/code route screen."
86,MoreCulling,MED client test — A/B with Entity Culling; don't assume stacking wins.,NO_STRUCTURE_CLAIM_IN_RECORDED_DESCRIPTION,Description triage only; no binary audit or current-version compatibility certification.,Unselected research backlog; current master TODO takes precedence.,"Exact 1.21.1 NeoForge binary, dependency closure, resources/builtin packs/features/code route screen."
87,BadOptimizations,MED/HIGH client test — miscellaneous client optimization.,NO_STRUCTURE_CLAIM_IN_RECORDED_DESCRIPTION,Description triage only; no binary audit or current-version compatibility certification.,Unselected research backlog; current master TODO takes precedence.,"Exact 1.21.1 NeoForge binary, dependency closure, resources/builtin packs/features/code route screen."
88,Chunk-Pregenerator,"HIGH server tool — use only after worldgen freezes; configurable ~10,000 x 10,000 target.",AUDIT_WORLDGEN_OR_PLACEMENT_ROUTES,Description triage only; no binary audit or current-version compatibility certification.,Unselected research backlog; current master TODO takes precedence.,"Exact 1.21.1 NeoForge binary, dependency closure, resources/builtin packs/features/code route screen."
89,Apothic Category Compat,HIGH integration — fixes Apotheosis loot-category assignment for a long list of gear mods already in Ambient Odyssey; complements the broader Apothic Compats datapacks.,AUDIT_WORLDGEN_OR_PLACEMENT_ROUTES,Description triage only; no binary audit or current-version compatibility certification.,Unselected research backlog; current master TODO takes precedence.,"Exact 1.21.1 NeoForge binary, dependency closure, resources/builtin packs/features/code route screen."
90,AttributeFix,"HIGH/LATE balance infrastructure — raises Minecraft's artificial attribute caps; useful for extreme superboss HP/attack ranges and required by Apothic Ascension, but does not itself change armor's damage formula.",AUDIT_WORLDGEN_OR_PLACEMENT_ROUTES,Description triage only; no binary audit or current-version compatibility certification.,Unselected research backlog; current master TODO takes precedence.,"Exact 1.21.1 NeoForge binary, dependency closure, resources/builtin packs/features/code route screen."
91,AsyncParticles,MED client performance — current 1.21.1 NeoForge route; isolate-test after core chunk performance because asynchronous particle ticking/rendering can interact with visual mods.,NO_STRUCTURE_CLAIM_IN_RECORDED_DESCRIPTION,Description triage only; no binary audit or current-version compatibility certification.,Unselected research backlog; current master TODO takes precedence.,"Exact 1.21.1 NeoForge binary, dependency closure, resources/builtin packs/features/code route screen."
92,Mob Tag Fixes,HIGH integration — native 1.21.1; repairs missing vanilla mob tags from modded entities so Smite/healing/raid-style mechanics behave consistently across a large creature pack.,NO_STRUCTURE_CLAIM_IN_RECORDED_DESCRIPTION,Description triage only; no binary audit or current-version compatibility certification.,Unselected research backlog; current master TODO takes precedence.,"Exact 1.21.1 NeoForge binary, dependency closure, resources/builtin packs/features/code route screen."
93,Apothic Tooltip Cleanup,MED/HIGH client QoL — native 1.21.1; cleans affix/gem tooltip clutter and is particularly attractive after our earlier creative-inventory tooltip crash investigations.,NO_STRUCTURE_CLAIM_IN_RECORDED_DESCRIPTION,Description triage only; no binary audit or current-version compatibility certification.,Unselected research backlog; current master TODO takes precedence.,"Exact 1.21.1 NeoForge binary, dependency closure, resources/builtin packs/features/code route screen."
94,FTB XMod Compat,HIGH integration — current native 1.21.1 NeoForge route; audit its FTB Chunks/Waystones and related cross-mod hooks rather than adding bespoke fixes where it already solves them.,NO_STRUCTURE_CLAIM_IN_RECORDED_DESCRIPTION,Description triage only; no binary audit or current-version compatibility certification.,Unselected research backlog; current master TODO takes precedence.,"Exact 1.21.1 NeoForge binary, dependency closure, resources/builtin packs/features/code route screen."
95,Origins: Classes Extended for NeoOrigins,MED — eight fantasy-flavoured classes; compare with the smaller base class addon rather than stacking both.,NO_STRUCTURE_CLAIM_IN_RECORDED_DESCRIPTION,Description triage only; no binary audit or current-version compatibility certification.,Unselected research backlog; current master TODO takes precedence.,"Exact 1.21.1 NeoForge binary, dependency closure, resources/builtin packs/features/code route screen."
96,Origins: Classes ISS for NeoOrigins,HIGH/MED — eight Iron's Spells-specific classes; unusually good thematic fit if NeoOrigins survives the progression audit.,NO_STRUCTURE_CLAIM_IN_RECORDED_DESCRIPTION,Description triage only; no binary audit or current-version compatibility certification.,Unselected research backlog; current master TODO takes precedence.,"Exact 1.21.1 NeoForge binary, dependency closure, resources/builtin packs/features/code route screen."
97,Adventurer Skills [Pufferfish's Skills],HIGH/MED — existing rebalanced 1.21.1 NeoForge tree; useful as a reference/baseline even if Ambient Odyssey ultimately authors its own tree.,NO_STRUCTURE_CLAIM_IN_RECORDED_DESCRIPTION,Description triage only; no binary audit or current-version compatibility certification.,Unselected research backlog; current master TODO takes precedence.,"Exact 1.21.1 NeoForge binary, dependency closure, resources/builtin packs/features/code route screen."
98,Ascension Paths,"WATCH/REPLACE — unusually close thematic fit (combat/exploration/mining/magic ranks and Cataclysm/Iron's/Apotheosis hooks), but a very new public beta with unfinished top ranks; evaluate against Pufferfish rather than stacking blindly.",NO_STRUCTURE_CLAIM_IN_RECORDED_DESCRIPTION,Description triage only; no binary audit or current-version compatibility certification.,Unselected research backlog; current master TODO takes precedence.,"Exact 1.21.1 NeoForge binary, dependency closure, resources/builtin packs/features/code route screen."
99,MCG's Questborne,MED/LATE — native 1.21.1 NPC camps with explorer/combat/gathering/crafting/trading quests and reputation; only use if it complements rather than duplicates the planned FTB questbook.,NO_STRUCTURE_CLAIM_IN_RECORDED_DESCRIPTION,Description triage only; no binary audit or current-version compatibility certification.,Unselected research backlog; current master TODO takes precedence.,"Exact 1.21.1 NeoForge binary, dependency closure, resources/builtin packs/features/code route screen."
100,Boss Ultimatum,HIGH/LATE balance — configurable boss healing/despawn when players die; directly prevents multiplayer respawn attrition from trivializing superbosses.,AUDIT_WORLDGEN_OR_PLACEMENT_ROUTES,Description triage only; no binary audit or current-version compatibility certification.,Unselected research backlog; current master TODO takes precedence.,"Exact 1.21.1 NeoForge binary, dependency closure, resources/builtin packs/features/code route screen."
101,Multiplayer Bosses,"HIGH/LATE balance — server-side nearby-player health/loot scaling; audit for the intended 1–3 simultaneous boss fighters, not total server population, and explicitly pair extreme health ranges with AttributeFix if needed.",AUDIT_WORLDGEN_OR_PLACEMENT_ROUTES,Description triage only; no binary audit or current-version compatibility certification.,Unselected research backlog; current master TODO takes precedence.,"Exact 1.21.1 NeoForge binary, dependency closure, resources/builtin packs/features/code route screen."
102,Multiplayer Boss Attribute Modifier,"HIGH/LATE alternative — scales configurable boss attributes from nearby player count; potentially better than health-only scaling for 1–3-player action-economy compensation, but must not flatten intentional gear gaps.",AUDIT_WORLDGEN_OR_PLACEMENT_ROUTES,Description triage only; no binary audit or current-version compatibility certification.,Unselected research backlog; current master TODO takes precedence.,"Exact 1.21.1 NeoForge binary, dependency closure, resources/builtin packs/features/code route screen."
103,Nitro Performance,"WATCH performance — 1.21.1 NeoForge loading/JEI optimization aimed at very large packs; claims compatibility with the existing core optimization stack, but is new enough to isolate-test only after the conservative performance wave.",NO_STRUCTURE_CLAIM_IN_RECORDED_DESCRIPTION,Description triage only; no binary audit or current-version compatibility certification.,Unselected research backlog; current master TODO takes precedence.,"Exact 1.21.1 NeoForge binary, dependency closure, resources/builtin packs/features/code route screen."
104,MES - Moog's End Structures config pack,HIGH datapack — pack already contains MES; this gives data-driven control over its End structure distribution and is directly relevant to Astrological layer coverage.,AUDIT_WORLDGEN_OR_PLACEMENT_ROUTES,Description triage only; no binary audit or current-version compatibility certification.,Unselected research backlog; current master TODO takes precedence.,"Exact 1.21.1 NeoForge binary, dependency closure, resources/builtin packs/features/code route screen."
105,Integrated Stronghold - End Remastered Integration,HIGH datapack — both parent mods are already installed; native 1.21.1 integration is a low-cost way to make the stronghold progression coherent.,NO_STRUCTURE_CLAIM_IN_RECORDED_DESCRIPTION,Description triage only; no binary audit or current-version compatibility certification.,Unselected research backlog; current master TODO takes precedence.,"Exact 1.21.1 NeoForge binary, dependency closure, resources/builtin packs/features/code route screen."
106,Polymorph,HIGH QoL — current native 1.21.1 NeoForge route; recipe-output chooser is increasingly valuable as the food/Create/magic/content stack grows and recipe collisions multiply.,NO_STRUCTURE_CLAIM_IN_RECORDED_DESCRIPTION,Description triage only; no binary audit or current-version compatibility certification.,Unselected research backlog; current master TODO takes precedence.,"Exact 1.21.1 NeoForge binary, dependency closure, resources/builtin packs/features/code route screen."
107,Controlling,HIGH QoL — mature 1.21.1 NeoForge keybind search; especially useful in this pack because overlapping map/voice/accessory keybinds have already caused repeated test friction.,NO_STRUCTURE_CLAIM_IN_RECORDED_DESCRIPTION,Description triage only; no binary audit or current-version compatibility certification.,Unselected research backlog; current master TODO takes precedence.,"Exact 1.21.1 NeoForge binary, dependency closure, resources/builtin packs/features/code route screen."
108,Lootr Liaison,HIGH integration audit — current 1.21.1 mod specifically stabilizes structure loot containers with Lootr and limits Artifacts mimic double-roll behavior; highly relevant after earlier Lootr-container crash testing.,AUDIT_WORLDGEN_OR_PLACEMENT_ROUTES,Description triage only; no binary audit or current-version compatibility certification.,Unselected research backlog; current master TODO takes precedence.,"Exact 1.21.1 NeoForge binary, dependency closure, resources/builtin packs/features/code route screen."
109,Iron's Spellbooks Tweaks,HIGH — configurable mana/cooldown/power/rarity and data-driven spell progression gates; particularly useful if magic progression needs to feed FTB/boss progression.,AUDIT_WORLDGEN_OR_PLACEMENT_ROUTES,Description triage only; no binary audit or current-version compatibility certification.,Unselected research backlog; current master TODO takes precedence.,"Exact 1.21.1 NeoForge binary, dependency closure, resources/builtin packs/features/code route screen."
110,Apotheosis x Iron's Spellbooks Compat,HIGH integration — native 1.21.1 bridge adding Apotheosis reforge/affix support around Iron's casting gear and spellbooks; audit against Iron's own native Apotheosis hooks to avoid redundant behavior.,NO_STRUCTURE_CLAIM_IN_RECORDED_DESCRIPTION,Description triage only; no binary audit or current-version compatibility certification.,Unselected research backlog; current master TODO takes precedence.,"Exact 1.21.1 NeoForge binary, dependency closure, resources/builtin packs/features/code route screen."
111,Relics & Regalia,MED/HIGH — focused Curios relics plus visually distinctive armor; better fit than another generic weapon catalogue.,NO_STRUCTURE_CLAIM_IN_RECORDED_DESCRIPTION,Description triage only; no binary audit or current-version compatibility certification.,Unselected research backlog; current master TODO takes precedence.,"Exact 1.21.1 NeoForge binary, dependency closure, resources/builtin packs/features/code route screen."
112,Companion,HIGH/MED — pet safety/QoL without expanding the hostile/passive spawn ecosystem much further.,NO_STRUCTURE_CLAIM_IN_RECORDED_DESCRIPTION,Description triage only; no binary audit or current-version compatibility certification.,Unselected research backlog; current master TODO takes precedence.,"Exact 1.21.1 NeoForge binary, dependency closure, resources/builtin packs/features/code route screen."
113,Wildlore,"WATCH — rare/genetic wildlife idea fits animal lovers, but the project is young.",NO_STRUCTURE_CLAIM_IN_RECORDED_DESCRIPTION,Description triage only; no binary audit or current-version compatibility certification.,Unselected research backlog; current master TODO takes precedence.,"Exact 1.21.1 NeoForge binary, dependency closure, resources/builtin packs/features/code route screen."
114,Wild Paths,MED A/B — native 1.21.1 desire-path alternative; test separately from the parked Alive/GSTools combination.,NO_STRUCTURE_CLAIM_IN_RECORDED_DESCRIPTION,Description triage only; no binary audit or current-version compatibility certification.,Unselected research backlog; current master TODO takes precedence.,"Exact 1.21.1 NeoForge binary, dependency closure, resources/builtin packs/features/code route screen."
115,The Birth of Steve,HIGH — replayable/procedural dungeon-endgame candidate; native 1.21.1 builds exist even though the project front page emphasizes newer Minecraft.,AUDIT_WORLDGEN_OR_PLACEMENT_ROUTES,Description triage only; no binary audit or current-version compatibility certification.,Unselected research backlog; current master TODO takes precedence.,"Exact 1.21.1 NeoForge binary, dependency closure, resources/builtin packs/features/code route screen."
116,Antarchy,WATCH — ambitious dimensions/bosses; substantial gear/power inflation risk in this pack.,AUDIT_WORLDGEN_OR_PLACEMENT_ROUTES,Description triage only; no binary audit or current-version compatibility certification.,Unselected research backlog; current master TODO takes precedence.,"Exact 1.21.1 NeoForge binary, dependency closure, resources/builtin packs/features/code route screen."
117,Dungeon Difficulty,HIGH/configured — location/structure/dimension difficulty framework; use mainly for non-boss danger and constrain loot scaling.,AUDIT_WORLDGEN_OR_PLACEMENT_ROUTES,Description triage only; no binary audit or current-version compatibility certification.,Unselected research backlog; current master TODO takes precedence.,"Exact 1.21.1 NeoForge binary, dependency closure, resources/builtin packs/features/code route screen."
118,Armor Set Bonuses,MED/HIGH — data-driven way to make existing armor sets mechanically distinct without adding many more gear mods.,NO_STRUCTURE_CLAIM_IN_RECORDED_DESCRIPTION,Description triage only; no binary audit or current-version compatibility certification.,Unselected research backlog; current master TODO takes precedence.,"Exact 1.21.1 NeoForge binary, dependency closure, resources/builtin packs/features/code route screen."
119,Origins: Backgrounds for NeoOrigins,MED — choose one background family only.,NO_STRUCTURE_CLAIM_IN_RECORDED_DESCRIPTION,Description triage only; no binary audit or current-version compatibility certification.,Unselected research backlog; current master TODO takes precedence.,"Exact 1.21.1 NeoForge binary, dependency closure, resources/builtin packs/features/code route screen."
120,Origins: More Backgrounds for NeoOrigins,MED alternative — broader background option; do not stack background selectors without a design reason.,AUDIT_WORLDGEN_OR_PLACEMENT_ROUTES,Description triage only; no binary audit or current-version compatibility certification.,Unselected research backlog; current master TODO takes precedence.,"Exact 1.21.1 NeoForge binary, dependency closure, resources/builtin packs/features/code route screen."
121,Origins: Backgrounds ISS for NeoOrigins,MED/HIGH alternative — strongest thematic background fit if Iron's Spells remains a central build axis.,NO_STRUCTURE_CLAIM_IN_RECORDED_DESCRIPTION,Description triage only; no binary audit or current-version compatibility certification.,Unselected research backlog; current master TODO takes precedence.,"Exact 1.21.1 NeoForge binary, dependency closure, resources/builtin packs/features/code route screen."
122,Origin Architect,"WATCH/LATE — powerful Origins authoring/progression layer, but risks UI/system overload if added beside a full skill tree too early.",NO_STRUCTURE_CLAIM_IN_RECORDED_DESCRIPTION,Description triage only; no binary audit or current-version compatibility certification.,Unselected research backlog; current master TODO takes precedence.,"Exact 1.21.1 NeoForge binary, dependency closure, resources/builtin packs/features/code route screen."
123,Crafting Tweaks,MED QoL — mature crafting-grid convenience.,NO_STRUCTURE_CLAIM_IN_RECORDED_DESCRIPTION,Description triage only; no binary audit or current-version compatibility certification.,Unselected research backlog; current master TODO takes precedence.,"Exact 1.21.1 NeoForge binary, dependency closure, resources/builtin packs/features/code route screen."
124,Shulker Box Tooltip,MED QoL — useful inventory visibility in an exploration/loot-heavy pack.,NO_STRUCTURE_CLAIM_IN_RECORDED_DESCRIPTION,Description triage only; no binary audit or current-version compatibility certification.,Unselected research backlog; current master TODO takes precedence.,"Exact 1.21.1 NeoForge binary, dependency closure, resources/builtin packs/features/code route screen."
125,ProgressiveStages,MED/HIGH infrastructure — possible hard-gating framework when quests alone should not be merely advisory.,AUDIT_WORLDGEN_OR_PLACEMENT_ROUTES,Description triage only; no binary audit or current-version compatibility certification.,Unselected research backlog; current master TODO takes precedence.,"Exact 1.21.1 NeoForge binary, dependency closure, resources/builtin packs/features/code route screen."
126,NoreStages,"WATCH/MED infrastructure — broader data-driven gating option, but much smaller adoption; compare rather than stack.",AUDIT_WORLDGEN_OR_PLACEMENT_ROUTES,Description triage only; no binary audit or current-version compatibility certification.,Unselected research backlog; current master TODO takes precedence.,"Exact 1.21.1 NeoForge binary, dependency closure, resources/builtin packs/features/code route screen."
127,Deep Dark Dimensional Dungeons,MED conditional — only relevant if Dimensional Dungeons wins its parent audit.,AUDIT_WORLDGEN_OR_PLACEMENT_ROUTES,Description triage only; no binary audit or current-version compatibility certification.,Unselected research backlog; current master TODO takes precedence.,"Exact 1.21.1 NeoForge binary, dependency closure, resources/builtin packs/features/code route screen."
128,No Structure Overlap,"MED A/B — can prevent structure bounding-box collisions, but may suppress too much content in this exceptionally structure-heavy pack.",AUDIT_WORLDGEN_OR_PLACEMENT_ROUTES,Description triage only; no binary audit or current-version compatibility certification.,Unselected research backlog; current master TODO takes precedence.,"Exact 1.21.1 NeoForge binary, dependency closure, resources/builtin packs/features/code route screen."
129,Structure Generation Improver (SGI Foundations),MED A/B — improves terrain/foundations around structures; not assumed to fix wrong-Y placement by itself.,AUDIT_WORLDGEN_OR_PLACEMENT_ROUTES,Description triage only; no binary audit or current-version compatibility certification.,Unselected research backlog; current master TODO takes precedence.,"Exact 1.21.1 NeoForge binary, dependency closure, resources/builtin packs/features/code route screen."
130,Ascension Scaling Mob Leveling,WATCH — very new distance/mob-level progression; overlaps Dungeon Difficulty heavily.,AUDIT_WORLDGEN_OR_PLACEMENT_ROUTES,Description triage only; no binary audit or current-version compatibility certification.,Unselected research backlog; current master TODO takes precedence.,"Exact 1.21.1 NeoForge binary, dependency closure, resources/builtin packs/features/code route screen."
131,Adorable Hamster Pets,MED/HIGH — focused pet/collector option with variants/genetics; strong animal-lover fit without being another general ecology overhaul.,NO_STRUCTURE_CLAIM_IN_RECORDED_DESCRIPTION,Description triage only; no binary audit or current-version compatibility certification.,Unselected research backlog; current master TODO takes precedence.,"Exact 1.21.1 NeoForge binary, dependency closure, resources/builtin packs/features/code route screen."
132,Connectivity,HIGH server QoL — large-pack login/packet/ghost-block robustness; does not replace actual worldgen optimization.,AUDIT_WORLDGEN_OR_PLACEMENT_ROUTES,Description triage only; no binary audit or current-version compatibility certification.,Unselected research backlog; current master TODO takes precedence.,"Exact 1.21.1 NeoForge binary, dependency closure, resources/builtin packs/features/code route screen."
133,Login Protection,HIGH server safety — protects players while heavy logins/world transitions settle.,NO_STRUCTURE_CLAIM_IN_RECORDED_DESCRIPTION,Description triage only; no binary audit or current-version compatibility certification.,Unselected research backlog; current master TODO takes precedence.,"Exact 1.21.1 NeoForge binary, dependency closure, resources/builtin packs/features/code route screen."
134,SeamlessChunks,MED A/B — alternative chunk-delivery/render-smoothing direction; test alone rather than stacking chunk pipeline mods.,NO_STRUCTURE_CLAIM_IN_RECORDED_DESCRIPTION,Description triage only; no binary audit or current-version compatibility certification.,Unselected research backlog; current master TODO takes precedence.,"Exact 1.21.1 NeoForge binary, dependency closure, resources/builtin packs/features/code route screen."
135,FTB Backups 3,HIGH server ops — native 1.21.1 backup route for the eventual shared server.,NO_STRUCTURE_CLAIM_IN_RECORDED_DESCRIPTION,Description triage only; no binary audit or current-version compatibility certification.,Unselected research backlog; current master TODO takes precedence.,"Exact 1.21.1 NeoForge binary, dependency closure, resources/builtin packs/features/code route screen."
136,Ambient Environment,MED/LATE — subtle client-side biome-color variation; atmosphere-only candidate.,AUDIT_WORLDGEN_OR_PLACEMENT_ROUTES,Description triage only; no binary audit or current-version compatibility certification.,Unselected research backlog; current master TODO takes precedence.,"Exact 1.21.1 NeoForge binary, dependency closure, resources/builtin packs/features/code route screen."
137,L_Ender's Cataclysm x BetterEnd: New Dawn fix,HIGH datapack — targeted spawn compatibility for two active core End/boss systems.,AUDIT_WORLDGEN_OR_PLACEMENT_ROUTES,Description triage only; no binary audit or current-version compatibility certification.,Unselected research backlog; current master TODO takes precedence.,"Exact 1.21.1 NeoForge binary, dependency closure, resources/builtin packs/features/code route screen."
138,Skill Tree (RPG Series),MED comparison — native 1.21.1 skill-tree framework; auditing it does not reinstate the rejected RPG Series Armory/Jewelry mods.,NO_STRUCTURE_CLAIM_IN_RECORDED_DESCRIPTION,Description triage only; no binary audit or current-version compatibility certification.,Unselected research backlog; current master TODO takes precedence.,"Exact 1.21.1 NeoForge binary, dependency closure, resources/builtin packs/features/code route screen."
139,Adaptive Performance Tweaks,"WATCH A/B — login/teleport warm-up and dynamic server controls are relevant, but must not merely hide failure to meet the intended 14/12 target.",NO_STRUCTURE_CLAIM_IN_RECORDED_DESCRIPTION,Description triage only; no binary audit or current-version compatibility certification.,Unselected research backlog; current master TODO takes precedence.,"Exact 1.21.1 NeoForge binary, dependency closure, resources/builtin packs/features/code route screen."
140,Benchmark,DEV/DIAGNOSTIC — repeatable client performance measurement; probably a test-profile tool rather than release content.,NO_STRUCTURE_CLAIM_IN_RECORDED_DESCRIPTION,Description triage only; no binary audit or current-version compatibility certification.,Unselected research backlog; current master TODO takes precedence.,"Exact 1.21.1 NeoForge binary, dependency closure, resources/builtin packs/features/code route screen."
141,Tickwise,DEV/SERVER DIAGNOSTIC — additional server performance attribution; optional alongside the already-active Spark profiler.,NO_STRUCTURE_CLAIM_IN_RECORDED_DESCRIPTION,Description triage only; no binary audit or current-version compatibility certification.,Unselected research backlog; current master TODO takes precedence.,"Exact 1.21.1 NeoForge binary, dependency closure, resources/builtin packs/features/code route screen."
142,End Remastered Additions,"HIGH integration — native 1.21.1 addon with eyes tied to Bosses of Mass Destruction and The Aether, both already active; makes existing content contribute to End progression.",AUDIT_WORLDGEN_OR_PLACEMENT_ROUTES,Description triage only; no binary audit or current-version compatibility certification.,Unselected research backlog; current master TODO takes precedence.,"Exact 1.21.1 NeoForge binary, dependency closure, resources/builtin packs/features/code route screen."
143,Twilight Eye - End Remastered Add-on,MED/HIGH integration — native 1.21.1 route to make the Twilight Forest Lich feed End progression; check whether the total eye hunt becomes excessive alongside End Remastered Additions.,NO_STRUCTURE_CLAIM_IN_RECORDED_DESCRIPTION,Description triage only; no binary audit or current-version compatibility certification.,Unselected research backlog; current master TODO takes precedence.,"Exact 1.21.1 NeoForge binary, dependency closure, resources/builtin packs/features/code route screen."
144,Natyheim: The Past,"MED/WATCH exploration — native 1.21.1 dimension/structures/bosses with archaeology-style environmental puzzles and some Nether/End content; distinctive enough to audit, but new and another dimension-sized system.",AUDIT_WORLDGEN_OR_PLACEMENT_ROUTES,Description triage only; no binary audit or current-version compatibility certification.,Unselected research backlog; current master TODO takes precedence.,"Exact 1.21.1 NeoForge binary, dependency closure, resources/builtin packs/features/code route screen."
145,Create Better FPS,"MED performance A/B — native 1.21.1 NeoForge optimization focused on Create rendering/performance; relevant because Create is core, but benchmark after the general conservative performance wave rather than assuming another optimizer always helps.",NO_STRUCTURE_CLAIM_IN_RECORDED_DESCRIPTION,Description triage only; no binary audit or current-version compatibility certification.,Unselected research backlog; current master TODO takes precedence.,"Exact 1.21.1 NeoForge binary, dependency closure, resources/builtin packs/features/code route screen."
146,Better Combat x Apotheosis Compat (Apothic Combat),HIGH integration — restores compatibility between Better Combat's weapon-range handling and Apotheosis attack-range attributes/affixes; unusually relevant because both systems are core to Ambient Odyssey.,NO_STRUCTURE_CLAIM_IN_RECORDED_DESCRIPTION,Description triage only; no binary audit or current-version compatibility certification.,Unselected research backlog; current master TODO takes precedence.,"Exact 1.21.1 NeoForge binary, dependency closure, resources/builtin packs/features/code route screen."
147,William Wythers' Overhauled Overworld (WWOO),"HIGH/REPLACE biome audit — native 1.21.1 NeoForge; overhauls vanilla biomes while its current design explicitly targets better compatibility with other worldgen mods. Compare as a coherent surface-world philosophy, not as automatic BOP+RU stacking.",AUDIT_WORLDGEN_OR_PLACEMENT_ROUTES,Description triage only; no binary audit or current-version compatibility certification.,Unselected research backlog; current master TODO takes precedence.,"Exact 1.21.1 NeoForge binary, dependency closure, resources/builtin packs/features/code route screen."
148,William Wythers' Expanded Ecosphere (WWEE),"HIGH/REPLACE biome audit — native 1.21.1 NeoForge and adds new biomes; its own page warns this branch has poor compatibility with other worldgen mods, so treat it as a replacement-stack experiment.",AUDIT_WORLDGEN_OR_PLACEMENT_ROUTES,Description triage only; no binary audit or current-version compatibility certification.,Unselected research backlog; current master TODO takes precedence.,"Exact 1.21.1 NeoForge binary, dependency closure, resources/builtin packs/features/code route screen."
149,Environmental,HIGH/MED biome audit — native 1.21.1 NeoForge; smaller curated Abnormals biome/content expansion that may give stronger identity per biome than another enormous generator stack.,AUDIT_WORLDGEN_OR_PLACEMENT_ROUTES,Description triage only; no binary audit or current-version compatibility certification.,Unselected research backlog; current master TODO takes precedence.,"Exact 1.21.1 NeoForge binary, dependency closure, resources/builtin packs/features/code route screen."
150,Autumnity,MED/HIGH biome audit — native 1.21.1 NeoForge; focused autumnal biome/content addition and a useful test of small themed biome modules.,AUDIT_WORLDGEN_OR_PLACEMENT_ROUTES,Description triage only; no binary audit or current-version compatibility certification.,Unselected research backlog; current master TODO takes precedence.,"Exact 1.21.1 NeoForge binary, dependency closure, resources/builtin packs/features/code route screen."
151,YUNG's Cave Biomes,"HIGH cave audit — native 1.21.1 NeoForge; only two focused cave biomes, so compare against the active Alex's Caves ecosystem for visual/feature overlap rather than rejecting it for sheer size.",AUDIT_WORLDGEN_OR_PLACEMENT_ROUTES,Description triage only; no binary audit or current-version compatibility certification.,Unselected research backlog; current master TODO takes precedence.,"Exact 1.21.1 NeoForge binary, dependency closure, resources/builtin packs/features/code route screen."
152,YUNG's Better Caves,"HIGH/REPLACE cave-terrain audit — native 1.21.1 NeoForge; major cave-generation overhaul with underground rivers/lakes/lava oceans. Test against Tectonic + Alex's Caves, never assume the terrain stack composes cleanly.",AUDIT_WORLDGEN_OR_PLACEMENT_ROUTES,Description triage only; no binary audit or current-version compatibility certification.,Unselected research backlog; current master TODO takes precedence.,"Exact 1.21.1 NeoForge binary, dependency closure, resources/builtin packs/features/code route screen."
153,Simplicity Biomes,MED additive biome audit — native 1.21.1 NeoForge; deliberately small biome set intended to add variety without replacing vanilla identity.,AUDIT_WORLDGEN_OR_PLACEMENT_ROUTES,Description triage only; no binary audit or current-version compatibility certification.,Unselected research backlog; current master TODO takes precedence.,"Exact 1.21.1 NeoForge binary, dependency closure, resources/builtin packs/features/code route screen."
154,Simplicity Biome Overhaul,MED additive alternative — native 1.21.1 NeoForge; enriches existing biomes with tree variation instead of adding another large biome catalogue.,AUDIT_WORLDGEN_OR_PLACEMENT_ROUTES,Description triage only; no binary audit or current-version compatibility certification.,Unselected research backlog; current master TODO takes precedence.,"Exact 1.21.1 NeoForge binary, dependency closure, resources/builtin packs/features/code route screen."
155,More Biomes in the World,WATCH/MED biome audit — native 1.21.1 NeoForge; preserve for a visual/quality pass before it competes with the better-established candidates.,AUDIT_WORLDGEN_OR_PLACEMENT_ROUTES,Description triage only; no binary audit or current-version compatibility certification.,Unselected research backlog; current master TODO takes precedence.,"Exact 1.21.1 NeoForge binary, dependency closure, resources/builtin packs/features/code route screen."
156,Abyssal Ocean / Hadal Depths,"HIGH/MED ocean-worldgen audit — native 1.21.1 NeoForge; deep-ocean/trench direction is unusually complementary to Seven Seas, Sunken Spires and the pack's exploration identity.",AUDIT_WORLDGEN_OR_PLACEMENT_ROUTES,Description triage only; no binary audit or current-version compatibility certification.,Unselected research backlog; current master TODO takes precedence.,"Exact 1.21.1 NeoForge binary, dependency closure, resources/builtin packs/features/code route screen."
157,Abyssia,"WATCH ocean-worldgen — native 1.21.1 NeoForge and extremely ambitious deep-sea layer with 50+ real species, but it released on 2026-10-06 and is far too new to trust without maturity testing.",AUDIT_WORLDGEN_OR_PLACEMENT_ROUTES,Description triage only; no binary audit or current-version compatibility certification.,Unselected research backlog; current master TODO takes precedence.,"Exact 1.21.1 NeoForge binary, dependency closure, resources/builtin packs/features/code route screen."
158,Caves Everywhere,"WATCH/REPLACE cave-terrain audit — native 1.21.1 NeoForge; enormous 512-block-height underground world concept and claims TerraBlender-biome compatibility, but the scale makes it a serious performance/placement experiment rather than an additive default.",AUDIT_WORLDGEN_OR_PLACEMENT_ROUTES,Description triage only; no binary audit or current-version compatibility certification.,Unselected research backlog; current master TODO takes precedence.,"Exact 1.21.1 NeoForge binary, dependency closure, resources/builtin packs/features/code route screen."
159,Biome Sizes,HIGH/MED worldgen utility — native 1.21.1 NeoForge; per-dimension biome-size control could reduce tiny-biome patchwork or make exploration regions feel more substantial without adding content.,AUDIT_WORLDGEN_OR_PLACEMENT_ROUTES,Description triage only; no binary audit or current-version compatibility certification.,Unselected research backlog; current master TODO takes precedence.,"Exact 1.21.1 NeoForge binary, dependency closure, resources/builtin packs/features/code route screen."
160,CavesChaos: More Caves & Biomes,WATCH/MED cave audit — native 1.21.1 NeoForge; keep for visual/compatibility comparison against YUNG/Alex's rather than stacking all cave systems.,AUDIT_WORLDGEN_OR_PLACEMENT_ROUTES,Description triage only; no binary audit or current-version compatibility certification.,Unselected research backlog; current master TODO takes precedence.,"Exact 1.21.1 NeoForge binary, dependency closure, resources/builtin packs/features/code route screen."
161,GeoTectonic,"MED/REPLACE cave-terrain audit — native 1.21.1 NeoForge; seven rare hand-designed cave systems, but it suppresses vanilla carvers, so it is a foundational cave-generation alternative.",AUDIT_WORLDGEN_OR_PLACEMENT_ROUTES,Description triage only; no binary audit or current-version compatibility certification.,Unselected research backlog; current master TODO takes precedence.,"Exact 1.21.1 NeoForge binary, dependency closure, resources/builtin packs/features/code route screen."
162,Abyssal Planet,"MED/WATCH exploration-dimension audit — native 1.21.1 NeoForge underwater dimension with biomes, creatures and major sea bosses; not an Overworld-biome replacement, but worth preserving beside the ocean-worldgen audit as a different way to satisfy underwater exploration.",AUDIT_WORLDGEN_OR_PLACEMENT_ROUTES,Description triage only; no binary audit or current-version compatibility certification.,Unselected research backlog; current master TODO takes precedence.,"Exact 1.21.1 NeoForge binary, dependency closure, resources/builtin packs/features/code route screen."
163,RoadWeaver,"HIGH/PLANNED worldgen infrastructure — user-intended addition for generated roads between villages/structures, but **conditional on the terrain-stack decision**: RoadWeaver's own compatibility notes say current releases are incompatible with Tectonic V3 and can suffer extremely slow road generation. If Tectonic V3 remains, do not force this in; if the winning biome/terrain stack removes that blocker, RoadWeaver becomes an intended addition.",AUDIT_WORLDGEN_OR_PLACEMENT_ROUTES,Description triage only; no binary audit or current-version compatibility certification.,Unselected research backlog; current master TODO takes precedence.,"Exact 1.21.1 NeoForge binary, dependency closure, resources/builtin packs/features/code route screen."
164,Distant Horizons,HIGH/PLANNED exploration visual infrastructure — user-intended addition with a native 1.21.1 NeoForge route. Add only after the current chunk-generation performance baseline is measured so its LOD generation/cache work does not muddy the diagnosis; configure distant generation conservatively before raising it for final long-vista exploration.,AUDIT_WORLDGEN_OR_PLACEMENT_ROUTES,Description triage only; no binary audit or current-version compatibility certification.,Unselected research backlog; current master TODO takes precedence.,"Exact 1.21.1 NeoForge binary, dependency closure, resources/builtin packs/features/code route screen."
165,Streams Reflowing,"HIGH/PLANNED worldgen addition — user-intended native 1.21.1 NeoForge addition; the river/lake/headwater/outflow improvements fit Ambient Odyssey unusually well. If WWOO wins the biome audit, use the documented `allWaterBanks=0` compatibility setting and do not also install WWOO's Navigable Rivers datapack.",AUDIT_WORLDGEN_OR_PLACEMENT_ROUTES,Description triage only; no binary audit or current-version compatibility certification.,Already retained in current terrain stack.,"Exact 1.21.1 NeoForge binary, dependency closure, resources/builtin packs/features/code route screen."
166,StructureOverlapless,"HIGH/PLANNED A/B worldgen utility — user-intended collision-control candidate and current leader over #128 No Structure Overlap, but it skips overlapping structures instead of relocating them and therefore can reduce structure density. Before acceptance, whitelist/protect unique, boss and major-landmark structures with `UnskippableStructures` and compare same-seed structure counts; install **one** overlap-prevention mod, not both.",AUDIT_WORLDGEN_OR_PLACEMENT_ROUTES,Description triage only; no binary audit or current-version compatibility certification.,Do not install with current Integrated API arrangement; superseded by master TODO.,"Exact 1.21.1 NeoForge binary, dependency closure, resources/builtin packs/features/code route screen."
