jar,sha256,bytes,structure_definitions,structure_sets,template_pools,biome_tags,screening_decision,current_binary_class_screen,newly_recovered,evidence_scope,negative_scope
AetherVillages-1.21.1-1.0.8-neoforge.jar,9f9837ec289bdcd016b0386374e7507503a5a7d78fb4941ac74cb44cad15cc34,647447,1,1,4,4,STRUCTURE_PROVIDER,False,False,Preserved original complete-binary CRC/SHA/resource snapshot; no new class inspection,"No absence certification; code, features, builtin packs and dependencies require review."
Ambient-Odyssey-TO-Magic-Registry-Fix-1.0.0.jar,d110c6390aa9e021fcd793095fb0cf220b825847eaf05fb2254fc161160fbd92,3980,0,0,0,0,NO_STRUCTURE_DEFINITION_IN_RECORDED_CATEGORIES,False,False,Preserved original complete-binary CRC/SHA/resource snapshot; no new class inspection,"No absence certification; code, features, builtin packs and dependencies require review."
Apotheosis-1.21.1-8.9.0.jar,23a8b4a21d0d8744f097c77c8a96fcba14c4b95f3b1bb542412f40dab272872e,7184314,4,1,4,4,STRUCTURE_PROVIDER,False,False,Preserved original complete-binary CRC/SHA/resource snapshot; no new class inspection,"No absence certification; code, features, builtin packs and dependencies require review."
ApothicAttributes-1.21.1-2.11.0.jar,17c42bb6dd5c0d820fe090e1bb5959578cd5ab7b70caf98a2a59b319fcc7e1ba,319609,0,0,0,0,NO_STRUCTURE_DEFINITION_IN_RECORDED_CATEGORIES,False,False,Preserved original complete-binary CRC/SHA/resource snapshot; no new class inspection,"No absence certification; code, features, builtin packs and dependencies require review."
ApothicEnchanting-1.21.1-1.6.3.jar,f135a7cdde2706cf1bb2b245441ec17d0f51692f25460383c6baa99cd3a031d0,5415943,0,0,0,0,NO_STRUCTURE_DEFINITION_IN_RECORDED_CATEGORIES,False,False,Preserved original complete-binary CRC/SHA/resource snapshot; no new class inspection,"No absence certification; code, features, builtin packs and dependencies require review."
ApothicSpawners-1.21.1-1.4.0.jar,f0cbc52ad606997789c36fac94ae651ab7e2e21c841e26a952c64041cad9cdbe,129784,0,0,0,0,NO_STRUCTURE_DEFINITION_IN_RECORDED_CATEGORIES,False,False,Preserved original complete-binary CRC/SHA/resource snapshot; no new class inspection,"No absence certification; code, features, builtin packs and dependencies require review."
Aquaculture-1.21.1-2.7.21.jar,45f00f9059838b2fecc988861111d8b3d4613a5f1b3688a8dbfa8655751b85bb,605949,0,0,0,1,NO_STRUCTURE_DEFINITION_IN_RECORDED_CATEGORIES,False,False,Preserved original complete-binary CRC/SHA/resource snapshot; no new class inspection,"No absence certification; code, features, builtin packs and dependencies require review."
BOMD-NeoForge-1.21-1.3.3.jar,93da8753a00229e41c5ed399e6cf849737e7bd9b4109d5d8e4ad3a20136deb82,1952017,4,4,4,8,STRUCTURE_PROVIDER,False,False,Preserved original complete-binary CRC/SHA/resource snapshot; no new class inspection,"No absence certification; code, features, builtin packs and dependencies require review."
BetterEnd-21.0.35.jar,6f2e927bb7ca484e7699eefda2ee9292669905efed6df89ced0df5d2d20ac95b,97673952,14,12,6,22,STRUCTURE_PROVIDER,False,False,Preserved original complete-binary CRC/SHA/resource snapshot; no new class inspection,"No absence certification; code, features, builtin packs and dependencies require review."
BiomesOPlenty-neoforge-1.21.1-21.1.0.14.jar,99e4edeacfd7c9b0992144988df4f190dcb7955a7cc1e7323715505b3579bc9b,22338157,0,0,0,92,NO_STRUCTURE_DEFINITION_IN_RECORDED_CATEGORIES,False,False,Preserved original complete-binary CRC/SHA/resource snapshot; no new class inspection,"No absence certification; code, features, builtin packs and dependencies require review."
DungeonCrawl-NeoForge-1.21-2.3.17.jar,853cd59208f17c25188a419b48d1a9fed3acebf676bb1ddd026fa4e7fb56dad4,738480,1,1,0,1,STRUCTURE_PROVIDER,True,False,"Current complete binary: CRC, SHA, resource inventory and class-reference screen","No absence certification; code, features, builtin packs and dependencies require review."
DungeonsArise-1.21.1-2.1.68-release.jar,7eee1eca7e3b2c6c1bede055934f391ae2e8349ffe33e106f451176d2cfcf0e4,11842679,40,2,166,52,STRUCTURE_PROVIDER,True,False,"Current complete binary: CRC, SHA, resource inventory and class-reference screen","No absence certification; code, features, builtin packs and dependencies require review."
FarmersDelight-1.21.1-1.3.4.jar,139ad7696462c89c03eea463f805abffa552526c5dadaadae221dd9624cb197c,3160490,0,0,0,0,NO_STRUCTURE_DEFINITION_IN_RECORDED_CATEGORIES,False,False,Preserved original complete-binary CRC/SHA/resource snapshot; no new class inspection,"No absence certification; code, features, builtin packs and dependencies require review."
FarmersStructures-1.0.6-1.21.1_neoforge.jar,6f6203b2bc94c99bb8e43b690e6801a679b53b8a2143bda17be56d51aa60cbce,558909,20,20,26,28,STRUCTURE_PROVIDER,False,False,Preserved original complete-binary CRC/SHA/resource snapshot; no new class inspection,"No absence certification; code, features, builtin packs and dependencies require review."
FastItemFrames-v21.1.6-1.21.1-NeoForge.jar,e831a12ca075450295aa26c8862d641498f8031af10674d60a791d2f27be17be,98320,0,0,0,0,NO_STRUCTURE_DEFINITION_IN_RECORDED_CATEGORIES,False,False,Preserved original complete-binary CRC/SHA/resource snapshot; no new class inspection,"No absence certification; code, features, builtin packs and dependencies require review."
FastSuite-1.21.1-6.0.7.jar,3e274cd01bdc27dff8e2514213f1c45306c86fe38e4271a4209bc1471de6c70d,28193,0,0,0,0,NO_STRUCTURE_DEFINITION_IN_RECORDED_CATEGORIES,False,False,Preserved original complete-binary CRC/SHA/resource snapshot; no new class inspection,"No absence certification; code, features, builtin packs and dependencies require review."
FungiDelight-1.21.1-1.3.jar,74c4b26376a419206847aba484788ed64aec4f7bd4c9eae55d9f6fe6c718d61d,264970,0,0,0,3,NO_STRUCTURE_DEFINITION_IN_RECORDED_CATEGORIES,False,False,Preserved original complete-binary CRC/SHA/resource snapshot; no new class inspection,"No absence certification; code, features, builtin packs and dependencies require review."
GatewaysToEternity-1.21.1-5.1.0.jar,5e4f87781e045e67492c0589b1062504df76ca33215ab0358fc8e4a1be5efac5,646451,0,0,0,0,NO_STRUCTURE_DEFINITION_IN_RECORDED_CATEGORIES,False,False,Preserved original complete-binary CRC/SHA/resource snapshot; no new class inspection,"No absence certification; code, features, builtin packs and dependencies require review."
GlitchCore-neoforge-1.21.1-2.1.0.2.jar,d9ea421e7449a35cf3adc41c9f740156342b7b17a08b1be843660608af7b60f9,90717,0,0,0,0,NO_STRUCTURE_DEFINITION_IN_RECORDED_CATEGORIES,False,False,Preserved original complete-binary CRC/SHA/resource snapshot; no new class inspection,"No absence certification; code, features, builtin packs and dependencies require review."
IBOMD v1.0.0-1.21.1.jar,219e0d7bb66e07592c91b749b158a16adf59749fdb9adf0a1c0c53d6b0fb6142,381343,3,4,3,4,STRUCTURE_PROVIDER,False,False,Preserved original complete-binary CRC/SHA/resource snapshot; no new class inspection,"No absence certification; code, features, builtin packs and dependencies require review."
IMM v1.3.2-1.21.1.jar,d66ffa5b71ac3f7a36a68571d0d26b20ab4bce416722abf550f85d74da222428,945787,4,1,12,4,STRUCTURE_PROVIDER,False,False,Preserved original complete-binary CRC/SHA/resource snapshot; no new class inspection,"No absence certification; code, features, builtin packs and dependencies require review."
ImmediatelyFast-NeoForge-1.6.14+1.21.1.jar,15bf9bd6d8e3ae8ad35c5a4d90680424b534d9762d698c0a466965afcab5dd78,365195,0,0,0,0,NO_STRUCTURE_DEFINITION_IN_RECORDED_CATEGORIES,False,False,Preserved original complete-binary CRC/SHA/resource snapshot; no new class inspection,"No absence certification; code, features, builtin packs and dependencies require review."
Incendium_1.21.x_v5.4.4.jar,285a4f69fe2391f2175f7fc9316d727a39c79bdd214923c59284d569bce656f4,4267528,9,3,171,14,STRUCTURE_PROVIDER,False,False,Preserved original complete-binary CRC/SHA/resource snapshot; no new class inspection,"No absence certification; code, features, builtin packs and dependencies require review."
Jade-1.21.1-NeoForge-15.10.6.jar,276f1f65a20d04f536989c4f311949d770b52c440c23c2b904a08860f3c93810,726853,0,0,0,0,NO_STRUCTURE_DEFINITION_IN_RECORDED_CATEGORIES,False,False,Preserved original complete-binary CRC/SHA/resource snapshot; no new class inspection,"No absence certification; code, features, builtin packs and dependencies require review."
JadeAddons-1.21.1-NeoForge-6.1.2.jar,1e7ce561f66c90446797e57f836c4459bb0dbc408b6bd551e5e18038774641ae,82315,0,0,0,0,NO_STRUCTURE_DEFINITION_IN_RECORDED_CATEGORIES,False,False,Preserved original complete-binary CRC/SHA/resource snapshot; no new class inspection,"No absence certification; code, features, builtin packs and dependencies require review."
JustEnoughProfessions-neoforge-1.21.1-4.0.5.jar,b34d6bb434d507874a6ebe49d40169c26f7cad8f51c9ffea615eedb153746696,24879,0,0,0,0,NO_STRUCTURE_DEFINITION_IN_RECORDED_CATEGORIES,False,False,Preserved original complete-binary CRC/SHA/resource snapshot; no new class inspection,"No absence certification; code, features, builtin packs and dependencies require review."
JustEnoughResources-NeoForge-1.21.1-1.6.0.12.jar,e9635613326e67d44c55578a49d947e5cbd22a33977e213f83f686cde8586218,286072,0,0,0,0,NO_STRUCTURE_DEFINITION_IN_RECORDED_CATEGORIES,False,False,Preserved original complete-binary CRC/SHA/resource snapshot; no new class inspection,"No absence certification; code, features, builtin packs and dependencies require review."
L_Ender's Cataclysm 1.21.1-3.33.jar,371956d0c2e3b56729ee93b955e936875d210e372fe734cdb74326d89ef79875,73375667,15,11,99,12,STRUCTURE_PROVIDER,False,False,Preserved original complete-binary CRC/SHA/resource snapshot; no new class inspection,"No absence certification; code, features, builtin packs and dependencies require review."
MobLassos-v21.1.1-1.21.1-NeoForge.jar,e13339101ba6f52f6c1bd2a719c6406e06953ad9d139d1286c749ef67a282ccf,107905,0,0,0,0,NO_STRUCTURE_DEFINITION_IN_RECORDED_CATEGORIES,False,False,Preserved original complete-binary CRC/SHA/resource snapshot; no new class inspection,"No absence certification; code, features, builtin packs and dependencies require review."
MoogsEndStructures-universal-1.21-2.1.1.jar,00726445a0b2aaa9ab61ac5fa8a165280a45a0e22f1d67898d0b4934614729d5,2285901,25,25,60,1,STRUCTURE_PROVIDER,False,False,Preserved original complete-binary CRC/SHA/resource snapshot; no new class inspection,"No absence certification; code, features, builtin packs and dependencies require review."
MoogsNetherStructures-universal-1.21-3.1.1.jar,46e0506264bd66df1ec6fb031f75d6b7f4660ad5f874b5df446dc1a3beebe7f6,3916038,52,42,168,5,STRUCTURE_PROVIDER,False,False,Preserved original complete-binary CRC/SHA/resource snapshot; no new class inspection,"No absence certification; code, features, builtin packs and dependencies require review."
MoogsSoaringStructures-universal-1.21-2.2.0.jar,2caca5b2dab3ea4541eb3207bab9d5efcc034e3bf7d89788fd95d7b582d24ed2,5022443,35,28,94,15,STRUCTURE_PROVIDER,False,False,Preserved original complete-binary CRC/SHA/resource snapshot; no new class inspection,"No absence certification; code, features, builtin packs and dependencies require review."
MoogsStructureLib-neoforge-1.21.1-3.4.2.jar,753337838224c43dfd8070e54b587219847cbcfc3ffcd06128802fa34fb92214,1094979,0,0,0,0,WORLDGEN_DATA_OR_CODE_REVIEW,True,False,"Current complete binary: CRC, SHA, resource inventory and class-reference screen","No absence certification; code, features, builtin packs and dependencies require review."
MoogsTemplesReimagined-universal-1.21-2.0.4.jar,a0c2d78808ad101d4e8c12945ce3b1465cad61296751be6bc2f86074c9480335,1709776,6,6,35,24,STRUCTURE_PROVIDER,False,False,Preserved original complete-binary CRC/SHA/resource snapshot; no new class inspection,"No absence certification; code, features, builtin packs and dependencies require review."
MoogsVoyagerStructures-universal-1.21-5.1.3.jar,07dba4e4d81bd342bf5000be19da1e5132a242d6c591da46e6d2e73aeebe5103,2234287,130,116,170,4,STRUCTURE_PROVIDER,False,False,Preserved original complete-binary CRC/SHA/resource snapshot; no new class inspection,"No absence certification; code, features, builtin packs and dependencies require review."
MouseTweaks-neoforge-mc1.21-2.26.1.jar,68e6f4201c5de97b77929a7215c9552495696ca6a3bf3ae4eacc34e135f6cc8b,73938,0,0,0,0,NO_STRUCTURE_DEFINITION_IN_RECORDED_CATEGORIES,False,False,Preserved original complete-binary CRC/SHA/resource snapshot; no new class inspection,"No absence certification; code, features, builtin packs and dependencies require review."
NaturesCompass-1.21.1-3.4.0-neoforge.jar,0e249ac11b2f916c5570d9679e188da652fa5664ba9cdb7be5dc9ff69497539c,224657,0,0,0,0,NO_STRUCTURE_DEFINITION_IN_RECORDED_CATEGORIES,False,False,Preserved original complete-binary CRC/SHA/resource snapshot; no new class inspection,"No absence certification; code, features, builtin packs and dependencies require review."
NightLib-Neoforge-1.21.1-1.3.0.jar,e1eb45e0823ed0b65b14cc319cba5d1132e30cae557e54bab5080b24590760aa,18122,0,0,0,0,NO_STRUCTURE_DEFINITION_IN_RECORDED_CATEGORIES,False,False,Preserved original complete-binary CRC/SHA/resource snapshot; no new class inspection,"No absence certification; code, features, builtin packs and dependencies require review."
OctoLib-NEOFORGE-0.6.2+1.21.jar,92ba07d9d9e55a65421f3c3f203c72fe5149cb024d5277267e81d812e11a7f38,544378,0,0,0,0,NO_STRUCTURE_DEFINITION_IN_RECORDED_CATEGORIES,False,False,Preserved original complete-binary CRC/SHA/resource snapshot; no new class inspection,"No absence certification; code, features, builtin packs and dependencies require review."
Oh-The-Biomes-Weve-Gone-NeoForge-2.6.2.jar,f7ce14e8ba1eafad798aeeebea7b5ed1193ed96fc01bdd3eedbe9b2e796b8035,20493440,18,11,44,97,STRUCTURE_PROVIDER,False,False,Preserved original complete-binary CRC/SHA/resource snapshot; no new class inspection,"No absence certification; code, features, builtin packs and dependencies require review."
Oh-The-Trees-Youll-Grow-neoforge-1.21.1-5.3.4.jar,61c09e7df22f2872f3bcc7ad6fc96d46d920b2220612a1480ef8582524a97254,173847,0,0,0,0,NO_STRUCTURE_DEFINITION_IN_RECORDED_CATEGORIES,False,False,Preserved original complete-binary CRC/SHA/resource snapshot; no new class inspection,"No absence certification; code, features, builtin packs and dependencies require review."
Opposing-Force-1.21.1-3.0.0-beta6.jar,3c222ed65e664c300806f562f15e03d901a147e4ed7eeb480ca3a968416eed9b,2189238,0,0,0,4,NO_STRUCTURE_DEFINITION_IN_RECORDED_CATEGORIES,False,False,Preserved original complete-binary CRC/SHA/resource snapshot; no new class inspection,"No absence certification; code, features, builtin packs and dependencies require review."
Patchouli-1.21.1-93-NEOFORGE.jar,959af52ed6640c316c3a8469203420be4aeea11ad6603890ba83bf48f5d9f993,646777,0,0,0,0,NO_STRUCTURE_DEFINITION_IN_RECORDED_CATEGORIES,False,False,Preserved original complete-binary CRC/SHA/resource snapshot; no new class inspection,"No absence certification; code, features, builtin packs and dependencies require review."
Paxi-1.21.1-NeoForge-5.1.3.jar,4b60f8eb3b8b8880eff7c3ac825cde84394848eac3915ed61ade607cdd331ce7,102980,0,0,0,0,NO_STRUCTURE_DEFINITION_IN_RECORDED_CATEGORIES,False,False,Preserved original complete-binary CRC/SHA/resource snapshot; no new class inspection,"No absence certification; code, features, builtin packs and dependencies require review."
Philips-Ruins1.21.1-2.0-NeoForge.jar,8a0aaee82b287c22abf4a7ea79e88fdbbe717418a0fbd8e44d4bd86146db9a1a,1365582,17,15,37,14,STRUCTURE_PROVIDER,False,False,Preserved original complete-binary CRC/SHA/resource snapshot; no new class inspection,"No absence certification; code, features, builtin packs and dependencies require review."
Placebo-1.21.1-9.9.2.jar,1a844a5b081813b1edb82656329e54d38389ed470f6a6516a5887f5303d7daad,324058,0,0,0,0,NO_STRUCTURE_DEFINITION_IN_RECORDED_CATEGORIES,False,False,Preserved original complete-binary CRC/SHA/resource snapshot; no new class inspection,"No absence certification; code, features, builtin packs and dependencies require review."
Quark-4.1-487.jar,2a43e4fa6254aaaf755f4ece5230708a2a6d587d8092d4db3aa53626c7bb67ab,15594344,0,0,0,22,NO_STRUCTURE_DEFINITION_IN_RECORDED_CATEGORIES,False,False,Preserved original complete-binary CRC/SHA/resource snapshot; no new class inspection,"No absence certification; code, features, builtin packs and dependencies require review."
Searchables-neoforge-1.21.1-1.0.2.jar,ca193f0c69033d8f709f9e073a7c1ef4ea46714e5c2f94eb23ace12781c6aa68,77326,0,0,0,0,NO_STRUCTURE_DEFINITION_IN_RECORDED_CATEGORIES,False,False,Preserved original complete-binary CRC/SHA/resource snapshot; no new class inspection,"No absence certification; code, features, builtin packs and dependencies require review."
SimplyTooltips-neoforge-0.1.5.jar,fdac367da1c5243ac5225f00f831b786817452ee9fa6a7f4acd99ec819b0f2b7,5512986,0,0,0,0,NO_STRUCTURE_DEFINITION_IN_RECORDED_CATEGORIES,False,False,Preserved original complete-binary CRC/SHA/resource snapshot; no new class inspection,"No absence certification; code, features, builtin packs and dependencies require review."
Sinew-1.21.1-1.2.14.jar,7f9c59192342451c0d4e10a1a44fd1674886881b6a53f68d6ece9661e4c81ed2,161057,0,0,0,0,NO_STRUCTURE_DEFINITION_IN_RECORDED_CATEGORIES,False,False,Preserved original complete-binary CRC/SHA/resource snapshot; no new class inspection,"No absence certification; code, features, builtin packs and dependencies require review."
SkyArena-1.3.6-1.21.1.jar,376accd0213cc4d7a7c02ec2c333b9179c2a98a7c334cb292b584b673e2cffbb,950560,2,2,2,2,STRUCTURE_PROVIDER,False,False,Preserved original complete-binary CRC/SHA/resource snapshot; no new class inspection,"No absence certification; code, features, builtin packs and dependencies require review."
SkyVillages-1.0.6-1.21.x-neoforge-release.jar,5ef7b63c6f1999a632085975afa14f00146369c142fd72980d760cbb617dd52f,246630,1,1,6,1,STRUCTURE_PROVIDER,True,False,"Current complete binary: CRC, SHA, resource inventory and class-reference screen","No absence certification; code, features, builtin packs and dependencies require review."
StreamsReflowing-1.21.1-neoforge-2.14.4.jar,bf44eb2231d9f4c506cf1c54ff5a857895198e599bc06639b5e3667616022bf1,2872585,0,0,0,49,NO_STRUCTURE_DEFINITION_IN_RECORDED_CATEGORIES,False,False,Preserved original complete-binary CRC/SHA/resource snapshot; no new class inspection,"No absence certification; code, features, builtin packs and dependencies require review."
Structory_26.2_v1.3.7.jar,e9079b2bb9bc2efb9b0f1244376488e41f8b50f25415094d8f03dc753cdfb131,1261346,15,5,60,9,STRUCTURE_PROVIDER,False,False,Preserved original complete-binary CRC/SHA/resource snapshot; no new class inspection,"No absence certification; code, features, builtin packs and dependencies require review."
TansHugeTrees-1.8.0-NeoForge-1.21.1-BETA.jar,0cb369ef24eac771e922ded6d39a87c6fccdff0d0316b3f9a761a4747136d062,63788709,0,0,0,3,NO_STRUCTURE_DEFINITION_IN_RECORDED_CATEGORIES,False,False,Preserved original complete-binary CRC/SHA/resource snapshot; no new class inspection,"No absence certification; code, features, builtin packs and dependencies require review."
TerraBlender-neoforge-1.21.1-4.1.0.8.jar,edb34c388fe17ea88d0a7fd11174bbf8ae8f28a4c8ce886f1bf9a5cf0ebc36b8,120364,0,0,0,0,NO_STRUCTURE_DEFINITION_IN_RECORDED_CATEGORIES,False,False,Preserved original complete-binary CRC/SHA/resource snapshot; no new class inspection,"No absence certification; code, features, builtin packs and dependencies require review."
aces_spell_utils-1.2.7.3-1.21.1.jar,7c785725fa2f86fe31200054cbc5502780797a2f17a9b3656973c6fd484e451c,398103,0,0,0,0,NO_STRUCTURE_DEFINITION_IN_RECORDED_CATEGORIES,False,False,Preserved original complete-binary CRC/SHA/resource snapshot; no new class inspection,"No absence certification; code, features, builtin packs and dependencies require review."
adventuredungeons-neoforge-1.21-1.3.1.jar,a5ae9687c37ab5a383d1b3a5a6f46a0b8bdeb3aca643745323c3b78c6ca6c347,1518470,8,8,30,7,STRUCTURE_PROVIDER,False,False,Preserved original complete-binary CRC/SHA/resource snapshot; no new class inspection,"No absence certification; code, features, builtin packs and dependencies require review."
aether-1.21.1-1.5.10-neoforge.jar,b19386301560a017a458e9790a7b59999e270f93010def0b61e7cbe4c8630dbf,40223909,4,3,0,21,STRUCTURE_PROVIDER,False,False,Preserved original complete-binary CRC/SHA/resource snapshot; no new class inspection,"No absence certification; code, features, builtin packs and dependencies require review."
alexscaves-2.0.3.jar,bd187f73d4ec36038c04c61accb916e676a3152e0a1eaa4735a2f9d5586c2626,74862732,14,14,0,19,STRUCTURE_PROVIDER,False,False,Preserved original complete-binary CRC/SHA/resource snapshot; no new class inspection,"No absence certification; code, features, builtin packs and dependencies require review."
alexsmobs-1.22.9.jar,4c189c7b310bb66903d3543854dd5fe03f26e61f707d8ccba8b6f5f58b86a727,26353726,0,0,0,9,NO_STRUCTURE_DEFINITION_IN_RECORDED_CATEGORIES,False,False,Preserved original complete-binary CRC/SHA/resource snapshot; no new class inspection,"No absence certification; code, features, builtin packs and dependencies require review."
alltheleaks-1.1.13+1.21.1-neoforge.jar,c9b76623003dd05dda452d9ed42cb23623b09383fe9ac1efb41c46a3b69ff601,565062,0,0,0,0,NO_STRUCTURE_DEFINITION_IN_RECORDED_CATEGORIES,False,False,Preserved original complete-binary CRC/SHA/resource snapshot; no new class inspection,"No absence certification; code, features, builtin packs and dependencies require review."
amendments-1.21-2.1.10-neoforge.jar,a2cbc46342c5f466f3b6e244f8820aa01f9d8381586b2c008b72fb77ae56045e,1168211,0,0,0,0,NO_STRUCTURE_DEFINITION_IN_RECORDED_CATEGORIES,False,False,Preserved original complete-binary CRC/SHA/resource snapshot; no new class inspection,"No absence certification; code, features, builtin packs and dependencies require review."
antiquetradingship-1.4.0-neoforge-1.21.1.jar,d8449dac9a38ef09ffe13add762b34745e4389432a5b919b5432b5357e229033,24458,1,1,1,0,STRUCTURE_PROVIDER,False,False,Preserved original complete-binary CRC/SHA/resource snapshot; no new class inspection,"No absence certification; code, features, builtin packs and dependencies require review."
appleskin-neoforge-mc1.21-3.0.9.jar,38b48dd6231341c9f964ce6e42c57ec866c6cc8f72bec938390a59bafb3922df,75804,0,0,0,0,NO_STRUCTURE_DEFINITION_IN_RECORDED_CATEGORIES,False,False,Preserved original complete-binary CRC/SHA/resource snapshot; no new class inspection,"No absence certification; code, features, builtin packs and dependencies require review."
archaeology_ruins-1.0.0-neoforge-1.21.1.jar,94d3ba411cfafc1586b8bba2c972553fed15ee5e38e9c076c7b5721fb2781abf,154587,11,11,30,0,STRUCTURE_PROVIDER,False,False,Preserved original complete-binary CRC/SHA/resource snapshot; no new class inspection,"No absence certification; code, features, builtin packs and dependencies require review."
architectury-13.0.11-neoforge.jar,9cc92f2c09533fc5482c60f993bd891c655a0e32b637037cdcb7c2b23adedeeb,584734,0,0,0,0,NO_STRUCTURE_DEFINITION_IN_RECORDED_CATEGORIES,False,False,Preserved original complete-binary CRC/SHA/resource snapshot; no new class inspection,"No absence certification; code, features, builtin packs and dependencies require review."
ars_nouveau-1.21.1-5.13.3.jar,45c1b6022d8e63464177c1f822bda22c3d6fb66970857fd7677e4e3ccffd259f,19841105,3,1,4,7,STRUCTURE_PROVIDER,False,False,Preserved original complete-binary CRC/SHA/resource snapshot; no new class inspection,"No absence certification; code, features, builtin packs and dependencies require review."
artifacts-neoforge-13.2.5.jar,e36a929420a0a616abdb28f5bbbdb866a426aa3bb78d1b39bc1183927c101ce6,1086922,0,0,0,0,NO_STRUCTURE_DEFINITION_IN_RECORDED_CATEGORIES,False,False,Preserved original complete-binary CRC/SHA/resource snapshot; no new class inspection,"No absence certification; code, features, builtin packs and dependencies require review."
astrological-1.21.1-1.7.1.jar,bd0aa2d3f4279cee94579daf5aabe13f67e5df2733069edd0aa47e67e381ff3d,470317,0,0,0,0,NO_STRUCTURE_DEFINITION_IN_RECORDED_CATEGORIES,False,False,Preserved original complete-binary CRC/SHA/resource snapshot; no new class inspection,"No absence certification; code, features, builtin packs and dependencies require review."
azurelib-neo-1.21.1-3.1.14.jar,f27de399e5e5566c13767a746ea5f6dccad69dc9b294f110fb3f7bda82bf886a,913008,0,0,0,0,NO_STRUCTURE_DEFINITION_IN_RECORDED_CATEGORIES,False,False,Preserved original complete-binary CRC/SHA/resource snapshot; no new class inspection,"No absence certification; code, features, builtin packs and dependencies require review."
balm-neoforge-1.21.1-21.0.66.jar,6be660e1f6d169553bf44f66d4f78bb9e96a1d66ce108d9608819e3ce6bfba34,783793,0,0,0,0,NO_STRUCTURE_DEFINITION_IN_RECORDED_CATEGORIES,False,False,Preserved original complete-binary CRC/SHA/resource snapshot; no new class inspection,"No absence certification; code, features, builtin packs and dependencies require review."
bclib-21.0.26.jar,73ba7957d61588189eb35415f2ce9b063e7d4a102c6a4757582ba8fad310f2e0,2159176,0,0,0,0,NO_STRUCTURE_DEFINITION_IN_RECORDED_CATEGORIES,False,False,Preserved original complete-binary CRC/SHA/resource snapshot; no new class inspection,"No absence certification; code, features, builtin packs and dependencies require review."
benssharks-1.2.6-neoforge-1.21.1.jar,0f4d7a044a42e19c0ab508b5228a6a6086ec9c4a7cab3a90f8016407ed6c029a,2357584,0,0,0,0,NO_STRUCTURE_DEFINITION_IN_RECORDED_CATEGORIES,False,False,Preserved original complete-binary CRC/SHA/resource snapshot; no new class inspection,"No absence certification; code, features, builtin packs and dependencies require review."
bettercombat-neoforge-2.4.0+1.21.1.jar,0446e9faa98b764ba010ac31e337d14ac96bbb2fbfeff9b599e1efd510dfde5a,1045389,0,0,0,0,NO_STRUCTURE_DEFINITION_IN_RECORDED_CATEGORIES,False,False,Preserved original complete-binary CRC/SHA/resource snapshot; no new class inspection,"No absence certification; code, features, builtin packs and dependencies require review."
biggerbetterendcities-1.21.1-1.0.0.jar,6ee234e4f0d69a98b81cad75ae0b87ea1344a73e644a39ca95f26d9e5f16e8d7,22857,0,0,0,0,NO_STRUCTURE_DEFINITION_IN_RECORDED_CATEGORIES,False,False,Preserved original complete-binary CRC/SHA/resource snapshot; no new class inspection,"No absence certification; code, features, builtin packs and dependencies require review."
biolith-neoforge-3.0.14.jar,ded9169efb903198046cf44cf91a290ec836ed83a28e29179087eb860e0e6ce9,218062,0,0,0,0,NO_STRUCTURE_DEFINITION_IN_RECORDED_CATEGORIES,False,False,Preserved original complete-binary CRC/SHA/resource snapshot; no new class inspection,"No absence certification; code, features, builtin packs and dependencies require review."
block_factorys_bosses-2.1.2-neo-1.21.1.jar,9e230bd509e7aeb3af4c08125db0340734c0179d83483649a16e45c0ea085e8c,23943105,5,5,19,5,STRUCTURE_PROVIDER,False,False,Preserved original complete-binary CRC/SHA/resource snapshot; no new class inspection,"No absence certification; code, features, builtin packs and dependencies require review."
bookshelf-neoforge-1.21.1-21.1.81.jar,19e88d40da2b6a114c2b808f7fb469d96e66a5379df0a8a43fcb7834498b3e76,328813,0,0,0,0,NO_STRUCTURE_DEFINITION_IN_RECORDED_CATEGORIES,False,False,Preserved original complete-binary CRC/SHA/resource snapshot; no new class inspection,"No absence certification; code, features, builtin packs and dependencies require review."
bountiful-neoforge-8.0.0-beta.2.jar,dca5e0af724e3076b3d950b7ec88cf63c509435cf41371a6e1c7c306cb6a7e51,721006,0,0,0,0,NO_STRUCTURE_DEFINITION_IN_RECORDED_CATEGORIES,False,False,Preserved original complete-binary CRC/SHA/resource snapshot; no new class inspection,"No absence certification; code, features, builtin packs and dependencies require review."
brutalbosses-1.21.1-8.6.jar,b401d41cb2419f519df4ad65c069578f424b1ea797fbfe28d7b48b868708d75a,199019,0,0,0,0,NO_STRUCTURE_DEFINITION_IN_RECORDED_CATEGORIES,False,False,Preserved original complete-binary CRC/SHA/resource snapshot; no new class inspection,"No absence certification; code, features, builtin packs and dependencies require review."
caelus-neoforge-7.0.1+1.21.1.jar,432a645557f29de159d9edde2fd109f8e3b32ff30895b4fede04ee5f1a1a682f,50235,0,0,0,0,NO_STRUCTURE_DEFINITION_IN_RECORDED_CATEGORIES,False,False,Preserved original complete-binary CRC/SHA/resource snapshot; no new class inspection,"No absence certification; code, features, builtin packs and dependencies require review."
cataclysmfortresses-1.21.1-NeoForge.jar,a6f4812a9735a55cb1bc2e669a1fa6dc016a162434ada347514aea9a4e39d840,19893,0,0,0,0,NO_STRUCTURE_DEFINITION_IN_RECORDED_CATEGORIES,False,False,Preserved original complete-binary CRC/SHA/resource snapshot; no new class inspection,"No absence certification; code, features, builtin packs and dependencies require review."
enhancedbossbars-1.0.0.jar,c1bba0057f916d9d8226258e2f57324f32af85bf539219fc175fa0f1cd18372b,252820,0,0,0,0,NO_STRUCTURE_DEFINITION_IN_RECORDED_CATEGORIES,False,False,Preserved original complete-binary CRC/SHA/resource snapshot; no new class inspection,"No absence certification; code, features, builtin packs and dependencies require review."
enigmaticlegacyplus-1.21.1-1.1.2.jar,55b899d7bb6e2601f162d816ead0e76c403c99874821339426107b52fd0829cf,7249989,1,1,0,1,STRUCTURE_PROVIDER,False,False,Preserved original complete-binary CRC/SHA/resource snapshot; no new class inspection,"No absence certification; code, features, builtin packs and dependencies require review."
eternal_starlight_delight-neoforge-1.4.0.jar,10b3570ccc8cd20d6c77c44256bfc9010ab59ec72347cd14528a687d35665e78,556314,0,0,0,5,NO_STRUCTURE_DEFINITION_IN_RECORDED_CATEGORIES,False,False,Preserved original complete-binary CRC/SHA/resource snapshot; no new class inspection,"No absence certification; code, features, builtin packs and dependencies require review."
eternalstarlight-0.9.1+1.21.1+neoforge.jar,e77369ad1a779036b243ef0f7b24776640a3ff84968e6f3be1931bc953e92b09,59325382,8,8,9,9,STRUCTURE_PROVIDER,False,False,Preserved original complete-binary CRC/SHA/resource snapshot; no new class inspection,"No absence certification; code, features, builtin packs and dependencies require review."
explore_ruins_aether-1.0.0-neoforge-1.21.1.jar,4fc02d88511e580e9660d96adec4f317fae4cb61b1702e7475df3c26b1f9cb99,149000,7,1,7,0,STRUCTURE_PROVIDER,False,False,Preserved original complete-binary CRC/SHA/resource snapshot; no new class inspection,"No absence certification; code, features, builtin packs and dependencies require review."
fdbosses-3.2-1.21.1.jar,b388d0e1c4987dff41eadac5e236ebc16d41b18bb06b9bbcbf7c40a53fdef78c,25979434,3,3,4,0,STRUCTURE_PROVIDER,False,False,Preserved original complete-binary CRC/SHA/resource snapshot; no new class inspection,"No absence certification; code, features, builtin packs and dependencies require review."
fdlib-1.0.9-1.21.1.jar,84c2ba547695abbe488533681714ee53bc4412c6983f305d2d9deaa3ada0a710,973335,0,0,0,0,NO_STRUCTURE_DEFINITION_IN_RECORDED_CATEGORIES,False,False,Preserved original complete-binary CRC/SHA/resource snapshot; no new class inspection,"No absence certification; code, features, builtin packs and dependencies require review."
ferritecore-7.0.3-neoforge.jar,d87ea28262715ebff45b8a82d493e6b468e7a4521bc021df5d88302196d030a8,121559,0,0,0,0,NO_STRUCTURE_DEFINITION_IN_RECORDED_CATEGORIES,False,False,Preserved original complete-binary CRC/SHA/resource snapshot; no new class inspection,"No absence certification; code, features, builtin packs and dependencies require review."
floating_islands-1.5.3-1.21.1-neoforge.jar,34e0df8ec5817a462d31f83d21e2b57aea29043b2a2ab8e92d71e978fc3f05b8,406349,17,3,20,17,STRUCTURE_PROVIDER,False,False,Preserved original complete-binary CRC/SHA/resource snapshot; no new class inspection,"No absence certification; code, features, builtin packs and dependencies require review."
forbidden_arcanus-2.6.1.jar,8d5ef1557fcdd0ba9fe98c38458751bcbecb118c30924daa6fbdea0a54bf5785,3402083,0,0,0,0,NO_STRUCTURE_DEFINITION_IN_RECORDED_CATEGORIES,False,False,Preserved original complete-binary CRC/SHA/resource snapshot; no new class inspection,"No absence certification; code, features, builtin packs and dependencies require review."
formations-1.0.4-neoforge-mc1.21.jar,2d9b50575fdf42e59d5dacda23ce5d01fc5cb19db02a1278329e3ad40893848e,287525,0,0,0,0,NO_STRUCTURE_DEFINITION_IN_RECORDED_CATEGORIES,False,False,Preserved original complete-binary CRC/SHA/resource snapshot; no new class inspection,"No absence certification; code, features, builtin packs and dependencies require review."
formationsoverworld-1.0.5c-mc1.21+.jar,8ac52001fd43b70bdb72209198152ae44137b476cf9124618f3c7106b95524ba,600780,30,3,31,30,STRUCTURE_PROVIDER,False,False,Preserved original complete-binary CRC/SHA/resource snapshot; no new class inspection,"No absence certification; code, features, builtin packs and dependencies require review."
framework-neoforge-1.21.1-0.13.11.jar,429ea90a162d7c25c1463ee60979e4d7b1ddb525d9384a3a2a2f45d70bda03f5,387334,0,0,0,0,NO_STRUCTURE_DEFINITION_IN_RECORDED_CATEGORIES,False,False,Preserved original complete-binary CRC/SHA/resource snapshot; no new class inspection,"No absence certification; code, features, builtin packs and dependencies require review."
freeterraforged-1.0.0-neoforge-1.21.1.jar,bef259b9a9947959c9c87f3628aaca992698e858e11e57766f5bb799c3b29b69,1913419,0,0,0,0,NO_STRUCTURE_DEFINITION_IN_RECORDED_CATEGORIES,False,False,Preserved original complete-binary CRC/SHA/resource snapshot; no new class inspection,"No absence certification; code, features, builtin packs and dependencies require review."
friendsandfoes-neoforge-4.0.27+mc1.21.1.jar,40f6129d9124bcd0052a348813425fc223b7b6ef16b81928f5edcb89ea62cfd1,5096836,4,4,31,20,STRUCTURE_PROVIDER,False,False,Preserved original complete-binary CRC/SHA/resource snapshot; no new class inspection,"No absence certification; code, features, builtin packs and dependencies require review."
ftb-chunks-neoforge-2101.1.22.jar,4ba1b3352184fa7f6e2aa4bca76edd074867697d62344dfa50dcccdb4dab5217,655807,0,0,0,0,NO_STRUCTURE_DEFINITION_IN_RECORDED_CATEGORIES,False,False,Preserved original complete-binary CRC/SHA/resource snapshot; no new class inspection,"No absence certification; code, features, builtin packs and dependencies require review."
ftb-library-neoforge-2101.1.37.jar,624c2d2d1cbadb946d967e17757bd5b2d129d4d3ed71f2da0c70607d04476ac2,1439881,0,0,0,0,NO_STRUCTURE_DEFINITION_IN_RECORDED_CATEGORIES,False,False,Preserved original complete-binary CRC/SHA/resource snapshot; no new class inspection,"No absence certification; code, features, builtin packs and dependencies require review."
ftb-quests-neoforge-2101.1.36.jar,6a39982c4b3afc00b1e788041a4f0d394e1659e3b3a6e5d078cd790bc36d0018,1609984,0,0,0,0,NO_STRUCTURE_DEFINITION_IN_RECORDED_CATEGORIES,False,False,Preserved original complete-binary CRC/SHA/resource snapshot; no new class inspection,"No absence certification; code, features, builtin packs and dependencies require review."
ftb-teams-neoforge-2101.1.11.jar,e6bcd670493624e6906df872a9c6af4a33fe6405cac57a32c59cd4cd5838c655,308236,0,0,0,0,NO_STRUCTURE_DEFINITION_IN_RECORDED_CATEGORIES,False,False,Preserved original complete-binary CRC/SHA/resource snapshot; no new class inspection,"No absence certification; code, features, builtin packs and dependencies require review."
ftb-ultimine-neoforge-2101.1.15.jar,1393a85ceb6e4794450d5f06043e3a033278e31b86de8e03950d8b87604b2213,177109,0,0,0,0,NO_STRUCTURE_DEFINITION_IN_RECORDED_CATEGORIES,False,False,Preserved original complete-binary CRC/SHA/resource snapshot; no new class inspection,"No absence certification; code, features, builtin packs and dependencies require review."
fzzy_config-0.7.7+1.21+neoforge.jar,26af871cacd134ce52610384bbdd362a018707444eb2d498e4833063f378cf85,2392693,0,0,0,0,NO_STRUCTURE_DEFINITION_IN_RECORDED_CATEGORIES,False,False,Preserved original complete-binary CRC/SHA/resource snapshot; no new class inspection,"No absence certification; code, features, builtin packs and dependencies require review."
geckolib-neoforge-1.21.1-4.9.3.jar,20a1995e4074f387ff549e2c57ea79dd7d41ee83c6afb9dd6a6e840e592d1c47,634531,0,0,0,0,NO_STRUCTURE_DEFINITION_IN_RECORDED_CATEGORIES,False,False,Preserved original complete-binary CRC/SHA/resource snapshot; no new class inspection,"No absence certification; code, features, builtin packs and dependencies require review."
goblintraders-neoforge-1.21.1-1.11.2.jar,523aebc80baab377072fe26c5ff9d1c3649764f185131e7849acd99833d406dd,462245,0,0,0,0,NO_STRUCTURE_DEFINITION_IN_RECORDED_CATEGORIES,False,False,Preserved original complete-binary CRC/SHA/resource snapshot; no new class inspection,"No absence certification; code, features, builtin packs and dependencies require review."
graveyard-2.6.2 NeoForge 1.21.1.jar,69dd4501da1fcc596d8ab7e09f32259ad1beee7e031fd5ab2d9c6cff4a8c8b2b,14895616,17,17,25,22,STRUCTURE_PROVIDER,False,False,Preserved original complete-binary CRC/SHA/resource snapshot; no new class inspection,"No absence certification; code, features, builtin packs and dependencies require review."
hominid-1.3.4.jar,6708c968c1c33b6eaa1854eec0f39ebec307ba2cfe11dccf4f93f013fd38e75e,2219578,0,0,0,0,NO_STRUCTURE_DEFINITION_IN_RECORDED_CATEGORIES,False,False,Preserved original complete-binary CRC/SHA/resource snapshot; no new class inspection,"No absence certification; code, features, builtin packs and dependencies require review."
iceandfire-2.1.3.jar,5c67db7c93a02cc45285e23cc25b4b40b63025f445b528057747641f187f94f5,20903070,13,9,6,32,STRUCTURE_PROVIDER,False,False,Preserved original complete-binary CRC/SHA/resource snapshot; no new class inspection,"No absence certification; code, features, builtin packs and dependencies require review."
idas-1.13.7+1.21.1-neoforge.jar,7f5031dd90ae0b32d7fe5c6c47c877cac1eb95a178bc78d196cb24c17ce82522,14485475,84,8,214,103,STRUCTURE_PROVIDER,True,False,"Current complete binary: CRC, SHA, resource inventory and class-reference screen","No absence certification; code, features, builtin packs and dependencies require review."
illagerwarship-1.0.1-neoforge-1.21.1.jar,e4c132c07d1aa04edc55b6e405657992c3d36da6f9f25ec8f460db405c5a7b32,71280,1,1,1,0,STRUCTURE_PROVIDER,False,False,Preserved original complete-binary CRC/SHA/resource snapshot; no new class inspection,"No absence certification; code, features, builtin packs and dependencies require review."
integrated_api-neoforge-1.21.1-1.9.0.jar,80815d73bbb32605fd75ed521f16714ed3682bd4d1367cfabf26b515ba6b7585,483960,0,0,0,48,WORLDGEN_DATA_OR_CODE_REVIEW,True,False,"Current complete binary: CRC, SHA, resource inventory and class-reference screen","No absence certification; code, features, builtin packs and dependencies require review."
integrated_cataclysm-1.0.6+1.21.1-neoforge.jar,18b71fc9f2cc2541e1f63dcd5862519fc433c6d7270f397e7afd4e08c56c1f1c,5125361,8,7,52,0,STRUCTURE_PROVIDER,False,False,Preserved original complete-binary CRC/SHA/resource snapshot; no new class inspection,"No absence certification; code, features, builtin packs and dependencies require review."
integrated_patches v1.2.0-1.21.1.jar,ef4a0e61dc034f7e48606f53216b8641eb903f5694cc804f8b6ec0c645199ac3,60223,0,0,0,0,NO_STRUCTURE_DEFINITION_IN_RECORDED_CATEGORIES,False,False,Preserved original complete-binary CRC/SHA/resource snapshot; no new class inspection,"No absence certification; code, features, builtin packs and dependencies require review."
integrated_stronghold-1.1.4+1.21.1-neoforge.jar,c6ac6ad68de806524615238f8a7efe511c417b8cd56ffceb7dd62aad9c8b821b,5125265,1,1,44,1,STRUCTURE_PROVIDER,False,False,Preserved original complete-binary CRC/SHA/resource snapshot; no new class inspection,"No absence certification; code, features, builtin packs and dependencies require review."
integrated_villages-1.3.3+1.21.1-neoforge.jar,b53a485828da352b1a6a24cd2796aacf5d8360632b98c7dfba295f235d41ec00,4592084,12,2,421,61,STRUCTURE_PROVIDER,False,False,Preserved original complete-binary CRC/SHA/resource snapshot; no new class inspection,"No absence certification; code, features, builtin packs and dependencies require review."
irons_lib-1.21.1-2.2.0.jar,9e086a4d449147baad6468b11fd34924a905d9cb6818c962676aa0c4589dcc3c,462255,0,0,0,0,NO_STRUCTURE_DEFINITION_IN_RECORDED_CATEGORIES,False,False,Preserved original complete-binary CRC/SHA/resource snapshot; no new class inspection,"No absence certification; code, features, builtin packs and dependencies require review."
irons_spellbooks-1.21.1-3.16.3.jar,13d644474ddba4f8478b4ce68294687fd509c994b3f344a224142b102dbe6f73,13890046,9,9,54,8,STRUCTURE_PROVIDER,False,False,Preserved original complete-binary CRC/SHA/resource snapshot; no new class inspection,"No absence certification; code, features, builtin packs and dependencies require review."
jauml-neoforge-1.21.1-2.3.1.jar,4de4d28695d869a0f2b5bc3c1e2c114cfa2cd77239ec9f35a3206b91600660ec,46291,0,0,0,0,NO_STRUCTURE_DEFINITION_IN_RECORDED_CATEGORIES,False,False,Preserved original complete-binary CRC/SHA/resource snapshot; no new class inspection,"No absence certification; code, features, builtin packs and dependencies require review."
jearchaeology-1.21.1-1.2.0.jar,36628748bfdd145f764d0bf7af16e1d8b336a09b31e801ec68954dc39a20f7bf,53509,0,0,0,0,NO_STRUCTURE_DEFINITION_IN_RECORDED_CATEGORIES,False,False,Preserved original complete-binary CRC/SHA/resource snapshot; no new class inspection,"No absence certification; code, features, builtin packs and dependencies require review."
jeed-1.21-2.3.4-neoforge.jar,44383b03237ef16e6b3873f60bf801d012155dfa2c83db115e17c6fdce319e94,166820,0,0,0,0,NO_STRUCTURE_DEFINITION_IN_RECORDED_CATEGORIES,False,False,Preserved original complete-binary CRC/SHA/resource snapshot; no new class inspection,"No absence certification; code, features, builtin packs and dependencies require review."
jei-1.21.1-neoforge-19.57.0.451.jar,44fcda225b26d14502bb1890512f4356db0a2577a6c63757b92948a6b951180a,2253017,0,0,0,0,NO_STRUCTURE_DEFINITION_IN_RECORDED_CATEGORIES,False,False,Preserved original complete-binary CRC/SHA/resource snapshot; no new class inspection,"No absence certification; code, features, builtin packs and dependencies require review."
jupiter-2.3.7-1.21.1-neoforge.jar,95af332af250f97fe2d9d288fe6b2057c266673a388348bf33756b0b693ace15,278988,0,0,0,0,NO_STRUCTURE_DEFINITION_IN_RECORDED_CATEGORIES,False,False,Preserved original complete-binary CRC/SHA/resource snapshot; no new class inspection,"No absence certification; code, features, builtin packs and dependencies require review."
kambrik-neoforge-8.0.0-beta.2.jar,a9b14170f2eeb323261c14bf40137ae78920ce2d61d52c85cdccc45bd9f37c2c,436428,0,0,0,0,NO_STRUCTURE_DEFINITION_IN_RECORDED_CATEGORIES,False,False,Preserved original complete-binary CRC/SHA/resource snapshot; no new class inspection,"No absence certification; code, features, builtin packs and dependencies require review."
keybindoverrides-2.0.0.jar,9b849d536b89b4e958e451d0c83680350509e88901306f17ff06ccbff85b416f,17273,0,0,0,0,NO_STRUCTURE_DEFINITION_IN_RECORDED_CATEGORIES,False,False,Preserved original complete-binary CRC/SHA/resource snapshot; no new class inspection,"No absence certification; code, features, builtin packs and dependencies require review."
knightlib-neoforge-1.21.1-2.0.4.jar,8d1a0d2344d9c06bf650b7201dfbdec07c08d98e7d6026f1c594070d2219da1b,1077754,0,0,0,0,NO_STRUCTURE_DEFINITION_IN_RECORDED_CATEGORIES,False,False,Preserved original complete-binary CRC/SHA/resource snapshot; no new class inspection,"No absence certification; code, features, builtin packs and dependencies require review."
kotlinforforge-5.12.0-all.jar,095aed94f21b4e55895b21ea957750ae3ab829fbcfc6d3c66a3489f5f1128d46,7279276,0,0,0,0,NO_STRUCTURE_DEFINITION_IN_RECORDED_CATEGORIES,False,False,Preserved original complete-binary CRC/SHA/resource snapshot; no new class inspection,"No absence certification; code, features, builtin packs and dependencies require review."
large_meals-1.21.1-1.0.1.jar,876e4c5c0d14c82a285f1c191d45c8d788306cbb2c0c21aee0d91382e95338d7,96639,0,0,0,0,NO_STRUCTURE_DEFINITION_IN_RECORDED_CATEGORIES,False,False,Preserved original complete-binary CRC/SHA/resource snapshot; no new class inspection,"No absence certification; code, features, builtin packs and dependencies require review."
lionfishapi-3.1.jar,aeebf0692650afbbc78259c0d4e3d5b7edf037707e8ae5d56045066d83a19cf6,91596,0,0,0,0,NO_STRUCTURE_DEFINITION_IN_RECORDED_CATEGORIES,False,False,Preserved original complete-binary CRC/SHA/resource snapshot; no new class inspection,"No absence certification; code, features, builtin packs and dependencies require review."
lithium-neoforge-0.15.4+mc1.21.1.jar,488f33216030c1cb0baa33e59de3d657d08d5795a6c2080c8c8bbbc133fc8757,774220,0,0,0,0,NO_STRUCTURE_DEFINITION_IN_RECORDED_CATEGORIES,False,False,Preserved original complete-binary CRC/SHA/resource snapshot; no new class inspection,"No absence certification; code, features, builtin packs and dependencies require review."
lithostitched-1.8.0-neoforge-21.1.jar,204699b4e3aa3176e2da5b145c6c66887363821f2bd671ba77bd94750036e169,979783,0,0,1,7,PLACEMENT_OR_TEMPLATE_DATA_REVIEW,False,False,Preserved original complete-binary CRC/SHA/resource snapshot; no new class inspection,"No absence certification; code, features, builtin packs and dependencies require review."
lootintegrations-1.21.1-4.7.jar,1de9e6352f643f2850dce3e6b7aa8274902798a2243ea9e494fe13aabaa90d2c,36966,0,0,0,0,NO_STRUCTURE_DEFINITION_IN_RECORDED_CATEGORIES,False,False,Preserved original complete-binary CRC/SHA/resource snapshot; no new class inspection,"No absence certification; code, features, builtin packs and dependencies require review."
lootr-neoforge-1.21.1-1.11.38.127.jar,5c74de4709d1c13b25880fdd241a89d5d9f331346d20edc76f80ccd4d99dc66c,1075929,0,0,0,0,NO_STRUCTURE_DEFINITION_IN_RECORDED_CATEGORIES,False,False,Preserved original complete-binary CRC/SHA/resource snapshot; no new class inspection,"No absence certification; code, features, builtin packs and dependencies require review."
lukis-ancient-cities-v1.2.jar,b7ac57ef8f18a46ba2fbac4458450145153a77a28dd2071aba2959dff81ec574,2994979,1,0,8,0,STRUCTURE_PROVIDER,False,False,Preserved original complete-binary CRC/SHA/resource snapshot; no new class inspection,"No absence certification; code, features, builtin packs and dependencies require review."
lukis-grand-capitals-1.1.3.jar,58182dc8d306afd944e708e0480d939a9adc3fcdab75c0bebd122a32c63d3851,9037598,7,1,31,0,STRUCTURE_PROVIDER,False,False,Preserved original complete-binary CRC/SHA/resource snapshot; no new class inspection,"No absence certification; code, features, builtin packs and dependencies require review."
meed-1.21.1-8.3.0.jar,504702fad4619729ef4b253dbf47d1e251445ae4a236faa64694a6b92d72e1df,125816,0,0,0,0,NO_STRUCTURE_DEFINITION_IN_RECORDED_CATEGORIES,False,False,Preserved original complete-binary CRC/SHA/resource snapshot; no new class inspection,"No absence certification; code, features, builtin packs and dependencies require review."
meteor_shower-0.0.5.jar,e5c3fbf84e720d7e42ee49d477c7e9811b07efa14e1a0810f58cda7ba196d65e,231654,0,0,0,0,NO_STRUCTURE_DEFINITION_IN_RECORDED_CATEGORIES,False,False,Preserved original complete-binary CRC/SHA/resource snapshot; no new class inspection,"No absence certification; code, features, builtin packs and dependencies require review."
mezz_config-1.21.1-neoforge-0.6.8-standalone.jar,182ad8ad757175b49d573512c8fac624ee526e8138e24b36f677b0f6466e20cb,327173,0,0,0,0,NO_STRUCTURE_DEFINITION_IN_RECORDED_CATEGORIES,False,False,Preserved original complete-binary CRC/SHA/resource snapshot; no new class inspection,"No absence certification; code, features, builtin packs and dependencies require review."
modernfix-neoforge-5.27.24+mc1.21.1.jar,e6e9446890f0feb3aab3f6e73ae18cb17575c370f232179fef7baa30e61538fe,604333,0,0,0,0,NO_STRUCTURE_DEFINITION_IN_RECORDED_CATEGORIES,False,False,Preserved original complete-binary CRC/SHA/resource snapshot; no new class inspection,"No absence certification; code, features, builtin packs and dependencies require review."
moonlight-1.21.1-3.7.1-neoforge.jar,0a755b1f5bfc40e1553c55471ebe42096eb537d5c7fa5fb6b5a5f145656604db,2303727,0,0,0,0,NO_STRUCTURE_DEFINITION_IN_RECORDED_CATEGORIES,False,False,Preserved original complete-binary CRC/SHA/resource snapshot; no new class inspection,"No absence certification; code, features, builtin packs and dependencies require review."
moredelight-26.05.20a-1.21-neoforge.jar,7b261107157f8fc3273bf75707dbf4b32e3f7d4c1ca116f4bad8b45984ccd83a,141933,0,0,0,0,NO_STRUCTURE_DEFINITION_IN_RECORDED_CATEGORIES,False,False,Preserved original complete-binary CRC/SHA/resource snapshot; no new class inspection,"No absence certification; code, features, builtin packs and dependencies require review."
morerelics-1.7.7-1.21.1.jar,f6129aece9eeb61b8daecb85ac53e372191c6b77ba8a4038b7128c92c6eb7322,827079,0,0,0,0,NO_STRUCTURE_DEFINITION_IN_RECORDED_CATEGORIES,False,False,Preserved original complete-binary CRC/SHA/resource snapshot; no new class inspection,"No absence certification; code, features, builtin packs and dependencies require review."
mowziesmobs-1.21.1-1.8.2.jar,b8e7e39fb6430326de7fbb193db56588ee8bd04d0054527924fe588f37131e4f,36042925,4,4,44,2,STRUCTURE_PROVIDER,False,False,Preserved original complete-binary CRC/SHA/resource snapshot; no new class inspection,"No absence certification; code, features, builtin packs and dependencies require review."
mypictureframe-neoforge-1.21.1-1.5.0.jar,0bc9ed3df742d86af05ec28c7c322f2e76a2fa24e92c7bcf537bea0b9b4e0c33,1196816,0,0,0,0,NO_STRUCTURE_DEFINITION_IN_RECORDED_CATEGORIES,False,False,Preserved original complete-binary CRC/SHA/resource snapshot; no new class inspection,"No absence certification; code, features, builtin packs and dependencies require review."
mysterious_mountain_lib-1.2.15-1.21.1.jar,d750a23aac696222984935263baeec96e95901bbeca134d8a1018d66e6e9e2d6,291753,0,0,0,0,NO_STRUCTURE_DEFINITION_IN_RECORDED_CATEGORIES,False,False,Preserved original complete-binary CRC/SHA/resource snapshot; no new class inspection,"No absence certification; code, features, builtin packs and dependencies require review."
natures_spirit-2.2.5-1.21.1.jar,d6dcc323e389c2687bacec1457d677ef69be0f1d32ce08d448242c479e57b074,18614161,4,1,36,76,STRUCTURE_PROVIDER,False,False,Preserved original complete-binary CRC/SHA/resource snapshot; no new class inspection,"No absence certification; code, features, builtin packs and dependencies require review."
neoculus-mc1.21.1-1.8.7.jar,3213254321d6b5a76182ad3ec699a91cc13facce0c47c1416dfc680025f4fe44,2799219,0,0,0,0,NO_STRUCTURE_DEFINITION_IN_RECORDED_CATEGORIES,False,False,Preserved original complete-binary CRC/SHA/resource snapshot; no new class inspection,"No absence certification; code, features, builtin packs and dependencies require review."
noisiumed-3.0.6-neoforge-1.21.1.jar,2477347cb18d0d0202984bc4a8d42975bd4fde7e1513627c446abadbb1406957,60257,0,0,0,0,NO_STRUCTURE_DEFINITION_IN_RECORDED_CATEGORIES,False,False,Preserved original complete-binary CRC/SHA/resource snapshot; no new class inspection,"No absence certification; code, features, builtin packs and dependencies require review."
owo-lib-neoforge-0.12.15.5-beta.1+1.21.jar,de6ed336bd80154b7241a7b3276694befc1c94550add8bcdfe7f82e5172fd13d,1221583,0,0,0,0,NO_STRUCTURE_DEFINITION_IN_RECORDED_CATEGORIES,False,False,Preserved original complete-binary CRC/SHA/resource snapshot; no new class inspection,"No absence certification; code, features, builtin packs and dependencies require review."
particular-1.21.1-NeoForge-1.5.7.jar,42c5ba95472c233a455da440e08a74be69cba616493292c0830cf47a47a9498e,315841,0,0,0,0,NO_STRUCTURE_DEFINITION_IN_RECORDED_CATEGORIES,False,False,Preserved original complete-binary CRC/SHA/resource snapshot; no new class inspection,"No absence certification; code, features, builtin packs and dependencies require review."
pasterdream-0.9.6.jar,5ed9deb8963eb998f5fd8aac465f6644c5f26b5e4ef8c96638331671ed0b37f8,78466816,115,115,115,7,STRUCTURE_PROVIDER,False,False,Preserved original complete-binary CRC/SHA/resource snapshot; no new class inspection,"No absence certification; code, features, builtin packs and dependencies require review."
player-animation-lib-forge-2.0.4+1.21.1.jar,dbe5de45f5cd60c0e5e47af14e6d564534a98456e973cf670cb881f6938eee92,203149,0,0,0,0,NO_STRUCTURE_DEFINITION_IN_RECORDED_CATEGORIES,False,False,Preserved original complete-binary CRC/SHA/resource snapshot; no new class inspection,"No absence certification; code, features, builtin packs and dependencies require review."
prickle-neoforge-1.21.1-21.1.11.jar,ccf46c442ed3c7fe41ad056f0940560829ec4dd88360985dfacd78f4614eb167,84812,0,0,0,0,NO_STRUCTURE_DEFINITION_IN_RECORDED_CATEGORIES,False,False,Preserved original complete-binary CRC/SHA/resource snapshot; no new class inspection,"No absence certification; code, features, builtin packs and dependencies require review."
puzzleslib-v21.1.62-mc1.21.1+neoforge.jar,db5d694d964f2feb7029406be99237f080242fd1b6d075a6a042e1195731a469,1450242,0,0,0,0,NO_STRUCTURE_DEFINITION_IN_RECORDED_CATEGORIES,False,False,Preserved original complete-binary CRC/SHA/resource snapshot; no new class inspection,"No absence certification; code, features, builtin packs and dependencies require review."
rarcompat-1.21-0.9.7.jar,fcbe35d8d6c44f72dcf467deb54c5fb9e5d6be725a79413f9f45354460553149,451470,0,0,0,0,NO_STRUCTURE_DEFINITION_IN_RECORDED_CATEGORIES,False,False,Preserved original complete-binary CRC/SHA/resource snapshot; no new class inspection,"No absence certification; code, features, builtin packs and dependencies require review."
regions-unexplored-0.6.2-neoforge-21.1.jar,ccf32ed714f2724f54406b9e02a8d6f94d87dc5c72397bc39b3d6ed8f32412ea,6365953,0,0,1,120,PLACEMENT_OR_TEMPLATE_DATA_REVIEW,False,False,Preserved original complete-binary CRC/SHA/resource snapshot; no new class inspection,"No absence certification; code, features, builtin packs and dependencies require review."
relics-1.21.1-0.10.7.8.jar,024f63a0706a94fbb4dff5fb6534500817f72751a0e16577fe117e510b056e5c,2753166,0,0,0,0,NO_STRUCTURE_DEFINITION_IN_RECORDED_CATEGORIES,False,False,Preserved original complete-binary CRC/SHA/resource snapshot; no new class inspection,"No absence certification; code, features, builtin packs and dependencies require review."
reliquified_lenders_cataclysm-1.21.1-0.1.1.jar,092abc16788a6ebc324ce923098285b1b0a704700c359fdf2d733e6f33535700,376851,0,0,0,0,NO_STRUCTURE_DEFINITION_IN_RECORDED_CATEGORIES,False,False,Preserved original complete-binary CRC/SHA/resource snapshot; no new class inspection,"No absence certification; code, features, builtin packs and dependencies require review."
remnant_bosses-neoforge-1.21.1-2.6.1.jar,92709a97b30a39985aa50ee0e2b0139a94e7f601dc5ec94984e87c6855162d54,3153826,0,0,0,0,NO_STRUCTURE_DEFINITION_IN_RECORDED_CATEGORIES,False,False,Preserved original complete-binary CRC/SHA/resource snapshot; no new class inspection,"No absence certification; code, features, builtin packs and dependencies require review."
repurposed_structures-7.5.22+1.21.1-neoforge.jar,64e64109acf7673b969aca9b3cca0bb555777cd7038aa16aa32a1548d753f257,8246760,107,37,1099,165,STRUCTURE_PROVIDER,False,False,Preserved original complete-binary CRC/SHA/resource snapshot; no new class inspection,"No absence certification; code, features, builtin packs and dependencies require review."
resourcefullib-neoforge-1.21-3.0.12.jar,5e36f2c69de008dc5795f730c84ab767688f15c810944b585485349a0c911261,484332,0,0,0,0,NO_STRUCTURE_DEFINITION_IN_RECORDED_CATEGORIES,False,False,Preserved original complete-binary CRC/SHA/resource snapshot; no new class inspection,"No absence certification; code, features, builtin packs and dependencies require review."
rusticdelight-neoforge-1.21-1.7.1.jar,ad3d796132984a8d06184d7c9543d6f8b87df4dac33a5dd9b8f124e95afe6801,1031957,0,0,0,4,NO_STRUCTURE_DEFINITION_IN_RECORDED_CATEGORIES,False,False,Preserved original complete-binary CRC/SHA/resource snapshot; no new class inspection,"No absence certification; code, features, builtin packs and dependencies require review."
servercore-neoforge-1.5.19+1.21.1.jar,a5706aa0bb3a47c5f1adab44306685736688ec03414f60beb4fcbe05b99f5a82,1462674,0,0,0,0,NO_STRUCTURE_DEFINITION_IN_RECORDED_CATEGORIES,False,False,Preserved original complete-binary CRC/SHA/resource snapshot; no new class inspection,"No absence certification; code, features, builtin packs and dependencies require review."
simplymore-forge-1.3.0_alpha.jar,20137c315970e9cc9d1181985363605aafd61682809c04d7769bfd0d8e2cb313,1806461,0,0,0,0,NO_STRUCTURE_DEFINITION_IN_RECORDED_CATEGORIES,False,False,Preserved original complete-binary CRC/SHA/resource snapshot; no new class inspection,"No absence certification; code, features, builtin packs and dependencies require review."
simplyswords-neoforge-1.70.2-1.21.1.jar,5e75bd66ea489079d60c9c1ed98762550fbc0bee88cd7af399f17bbeb56608c3,16282660,0,0,0,0,NO_STRUCTURE_DEFINITION_IN_RECORDED_CATEGORIES,False,False,Preserved original complete-binary CRC/SHA/resource snapshot; no new class inspection,"No absence certification; code, features, builtin packs and dependencies require review."
sky_whale_ship-neoforge-1.21.1.jar,ad128ee14d5af95ed4bc016bd08d8cfc48fd6fa881d9fd06d7de796b137bc6d9,722602,5,5,10,0,STRUCTURE_PROVIDER,True,False,"Current complete binary: CRC, SHA, resource inventory and class-reference screen","No absence certification; code, features, builtin packs and dependencies require review."
smoothchunk-1.21-4.1.jar,a79f06eaffe7e5b834620da3c2cdad782aeaf4f1f207d03f8b0228a20bab65e3,12852,0,0,0,0,NO_STRUCTURE_DEFINITION_IN_RECORDED_CATEGORIES,False,False,Preserved original complete-binary CRC/SHA/resource snapshot; no new class inspection,"No absence certification; code, features, builtin packs and dependencies require review."
softimprints-neoforge-1.21.1-2.8.0.jar,948fe2d229b0eaf0ac66112c4a00d9dec0c91f3bdeee8fd6348021de6e34c806,609547,0,0,0,0,NO_STRUCTURE_DEFINITION_IN_RECORDED_CATEGORIES,False,False,Preserved original complete-binary CRC/SHA/resource snapshot; no new class inspection,"No absence certification; code, features, builtin packs and dependencies require review."
sophisticatedbackpacks-1.21.1-3.26.8.2189.jar,21c0b5c53a583ae8311f4e471ecaa6bd9b367afe63d1a333e70f6c75289b2a6a,1239498,0,0,0,0,NO_STRUCTURE_DEFINITION_IN_RECORDED_CATEGORIES,False,False,Preserved original complete-binary CRC/SHA/resource snapshot; no new class inspection,"No absence certification; code, features, builtin packs and dependencies require review."
sophisticatedbackpackscreateintegration-1.21.1-0.2.2.188.jar,9b2a7b22002905334d9cd3485abc4cd267250ec4a131f5c900a8310bebb8e670,94018,0,0,0,0,NO_STRUCTURE_DEFINITION_IN_RECORDED_CATEGORIES,False,False,Preserved original complete-binary CRC/SHA/resource snapshot; no new class inspection,"No absence certification; code, features, builtin packs and dependencies require review."
sophisticatedcore-1.21.1-1.5.6.2374.jar,ad8c0d7e572bf623a45cef5d888ac493f95710e17e1f95b94ead4dbb6a5c316e,1813374,0,0,0,0,NO_STRUCTURE_DEFINITION_IN_RECORDED_CATEGORIES,False,False,Preserved original complete-binary CRC/SHA/resource snapshot; no new class inspection,"No absence certification; code, features, builtin packs and dependencies require review."
sophisticatedstorage-1.21.1-1.6.2.2154.jar,8610844ea8c8d61073380ae6b2aa6e362a2fc57a8b301d2bc246fc5c2b795a8c,1920730,0,0,0,0,NO_STRUCTURE_DEFINITION_IN_RECORDED_CATEGORIES,False,False,Preserved original complete-binary CRC/SHA/resource snapshot; no new class inspection,"No absence certification; code, features, builtin packs and dependencies require review."
sophisticatedstoragecreateintegration-1.21.1-0.1.21.209.jar,0b8b13cd120d45525c4df8b465adf5d381b1ed4518b72a005a3b426c6c980d9b,134163,0,0,0,0,NO_STRUCTURE_DEFINITION_IN_RECORDED_CATEGORIES,False,False,Preserved original complete-binary CRC/SHA/resource snapshot; no new class inspection,"No absence certification; code, features, builtin packs and dependencies require review."
spark-1.10.124-neoforge.jar,647e8a81afbe414dba1df4ba15fd06c5d32d4cb544e68828405e8e074c2e16db,3642581,0,0,0,0,NO_STRUCTURE_DEFINITION_IN_RECORDED_CATEGORIES,False,False,Preserved original complete-binary CRC/SHA/resource snapshot; no new class inspection,"No absence certification; code, features, builtin packs and dependencies require review."
strongerfireboss-2.0.0.jar,c7ce8b91835a201d3a7ea1c4f98f2cef358be23ffe32cb7e779f7fa889b8e1aa,13448,0,0,0,0,NO_STRUCTURE_DEFINITION_IN_RECORDED_CATEGORIES,False,False,Preserved original complete-binary CRC/SHA/resource snapshot; no new class inspection,"No absence certification; code, features, builtin packs and dependencies require review."
structureessentials-1.21.1-5.0.jar,7ecb6c9d04e20a6803ba6e51dd226eaa289ba2c2c095248f3645222a8bfc1c8d,60833,0,0,0,0,NO_STRUCTURE_DEFINITION_IN_RECORDED_CATEGORIES,False,False,Preserved original complete-binary CRC/SHA/resource snapshot; no new class inspection,"No absence certification; code, features, builtin packs and dependencies require review."
supplementaries-1.21.1-3.9.9-neoforge.jar,d6876ad959d0da4bab0ba182839a0af0e38ef3571345e5e7aea0be572f958e05,13548968,2,2,12,0,STRUCTURE_PROVIDER,False,False,Preserved original complete-binary CRC/SHA/resource snapshot; no new class inspection,"No absence certification; code, features, builtin packs and dependencies require review."
DungeonsAriseSevenSeas-1.21.x-1.0.4-neoforge.jar,549040fbd81d1b33aea38681109685e86d63985785246a831112c4ba5740d2df,244981,5,1,10,5,STRUCTURE_PROVIDER,True,True,"Current complete binary: CRC, SHA, resource inventory and class-reference screen","No absence certification; code, features, builtin packs and dependencies require review."
YungsApi-1.21.1-NeoForge-5.1.9.jar,375e0b2f988ab4f5bde182166c0f0b102377adc8f823660c24ade08b0b3cde56,413763,0,0,0,0,WORLDGEN_DATA_OR_CODE_REVIEW,True,True,"Current complete binary: CRC, SHA, resource inventory and class-reference screen","No absence certification; code, features, builtin packs and dependencies require review."
YungsBetterEndIsland-1.21.1-NeoForge-3.1.2.jar,8005f1ea798d09fc05dad07a21ed1f393a523a718197cdbd37b1ce6d9a17e4a4,398130,0,0,0,0,WORLDGEN_DATA_OR_CODE_REVIEW,True,True,"Current complete binary: CRC, SHA, resource inventory and class-reference screen","No absence certification; code, features, builtin packs and dependencies require review."
YungsBetterMineshafts-1.21.1-NeoForge-5.1.1.jar,5625930dfb3240820d6e4ecf55fff0c39f70ce782fad117a4d418251184c7be0,493967,13,1,0,13,STRUCTURE_PROVIDER,True,True,"Current complete binary: CRC, SHA, resource inventory and class-reference screen","No absence certification; code, features, builtin packs and dependencies require review."
YungsBetterNetherFortresses-1.21.1-NeoForge-3.1.5.jar,5450a64a7036237f449496837e08f3e5b3aa1d7974a10df43944172def75d8ff,609639,1,1,15,1,STRUCTURE_PROVIDER,True,True,"Current complete binary: CRC, SHA, resource inventory and class-reference screen","No absence certification; code, features, builtin packs and dependencies require review."
YungsBetterWitchHuts-1.21.1-NeoForge-4.1.1.jar,888b1e6d1ada21982a75abfb4afb040c9bc2cc68777ec5fcd1199b978e3d4f8d,174789,2,2,3,2,STRUCTURE_PROVIDER,True,True,"Current complete binary: CRC, SHA, resource inventory and class-reference screen","No absence certification; code, features, builtin packs and dependencies require review."
[Neoforge]ctov-3.6.3.jar,4815b19b83541f09cba556e222612bc5ddcc31f7c4ba2198f4b4d6376cca8b2e,7139609,78,0,181,0,STRUCTURE_PROVIDER,True,True,"Current complete binary: CRC, SHA, resource inventory and class-reference screen","No absence certification; code, features, builtin packs and dependencies require review."
cataclysm_spellbooks-1.1.14-1.21.jar,a5a0dcad537954f488c862b3409831e0d12b4dfdc50bbfade298cb3d05dff2cf,1170131,0,0,0,0,NO_STRUCTURE_ROUTE_DETECTED,True,True,"Current complete binary: CRC, SHA, resource inventory and class-reference screen","No absence certification; code, features, builtin packs and dependencies require review."
create_rustic_structures-1.0.1-neoforge-1.21.1.jar,96fa8fb53efd33586436d3ac411615754a573fe1f0a6d4c11c8b922126fb8fc6,758491,4,4,4,0,STRUCTURE_PROVIDER,True,True,"Current complete binary: CRC, SHA, resource inventory and class-reference screen","No absence certification; code, features, builtin packs and dependencies require review."
cristellib-neoforge-1.21.1-3.1.7.jar,11e05dbc97bd3fe1790bd6361747240e314c1dbf40b590ea20cc691dc8396c38,583525,0,0,0,0,WORLDGEN_DATA_OR_CODE_REVIEW,True,True,"Current complete binary: CRC, SHA, resource inventory and class-reference screen","No absence certification; code, features, builtin packs and dependencies require review."
curios-neoforge-9.5.1+1.21.1.jar,a45df2125c26219974aba7507ffc9afe7b83acc941a386af3faacb1cc0056fde,410690,0,0,0,0,NO_STRUCTURE_ROUTE_DETECTED,True,True,"Current complete binary: CRC, SHA, resource inventory and class-reference screen","No absence certification; code, features, builtin packs and dependencies require review."
dungeons-and-taverns-v4.4.4 [NeoForge].jar,1db28e89e0cb76aebe9e40955d1866e8ac1779575d15c2a1e250ac804a762d05,24859622,97,34,336,48,STRUCTURE_PROVIDER,True,True,"Current complete binary: CRC, SHA, resource inventory and class-reference screen","No absence certification; code, features, builtin packs and dependencies require review."
echoes_of_the_end__structures NeoForge Fabric 1.21.1 -12.00.13.jar,0e6d4f01c732f3ddf05b16036de92f261756b03b2f9ac5f3596ea40ac5e26fe8,269189,9,9,9,3,STRUCTURE_PROVIDER,True,True,"Current complete binary: CRC, SHA, resource inventory and class-reference screen","No absence certification; code, features, builtin packs and dependencies require review."
end_villager_outpost-1.0.0-neoforge-1.21.1.jar,65826ea2692cb3c51737d26ce0ae61ac860e5952334ed469fee48e5d9f58bc3c,68716,1,1,1,0,STRUCTURE_PROVIDER,True,True,"Current complete binary: CRC, SHA, resource inventory and class-reference screen","No absence certification; code, features, builtin packs and dependencies require review."
t_and_t-fabric-neoforge-1.13.11.jar,270fc0d1c99e54bc15f43d64bdaac60a90cb896efc357af624988e677136440f,3553006,60,3,187,66,STRUCTURE_PROVIDER,True,True,"Current complete binary: CRC, SHA, resource inventory and class-reference screen","No absence certification; code, features, builtin packs and dependencies require review."
totw_modded-neoforge-1.21-1.0.9.jar,64ff8d5a1bd9efb7c3f2974c07176145ce760b25a5b62be0eecc597151be928a,281334,22,9,38,22,STRUCTURE_PROVIDER,True,True,"Current complete binary: CRC, SHA, resource inventory and class-reference screen","No absence certification; code, features, builtin packs and dependencies require review."
traveloptics-4.4.0.1-1.21.1.jar,0372b4b8593288726fb0d6e8cdb86202a87677d0c2dafeb96cab50bf057ec298,18393445,0,0,0,0,NO_STRUCTURE_ROUTE_DETECTED,True,True,"Current complete binary: CRC, SHA, resource inventory and class-reference screen","No absence certification; code, features, builtin packs and dependencies require review."
underwater_village-1.0.2-neoforge-1.21.1.jar,7d030d22f1b6ce0cdb811c9ca174d496e858132ba1ce6b02b4e4a5fdacab368c,386146,17,17,17,0,STRUCTURE_PROVIDER,True,True,"Current complete binary: CRC, SHA, resource inventory and class-reference screen","No absence certification; code, features, builtin packs and dependencies require review."
waystones-neoforge-1.21.1-21.1.46.jar,ca76a4457160e8353b1f013a21ab377b264141f466d84ec8952a123058b8af78,1223229,0,0,5,10,WORLDGEN_DATA_OR_CODE_REVIEW,True,True,"Current complete binary: CRC, SHA, resource inventory and class-reference screen","No absence certification; code, features, builtin packs and dependencies require review."
