category,resource_id,jars,payload_variants,snapshot_selected,runtime_precedence
worldgen/structure,bosses_of_mass_destruction:gauntlet_arena,BOMD-NeoForge-1.21-1.3.3.jar | IBOMD v1.0.0-1.21.1.jar,2,IBOMD v1.0.0-1.21.1.jar,Not certified; verify actual resource order before accepting runtime graph
worldgen/structure,bosses_of_mass_destruction:lich_tower,BOMD-NeoForge-1.21-1.3.3.jar | IBOMD v1.0.0-1.21.1.jar,2,IBOMD v1.0.0-1.21.1.jar,Not certified; verify actual resource order before accepting runtime graph
worldgen/structure,bosses_of_mass_destruction:obsidilith_arena,BOMD-NeoForge-1.21-1.3.3.jar | IBOMD v1.0.0-1.21.1.jar,2,IBOMD v1.0.0-1.21.1.jar,Not certified; verify actual resource order before accepting runtime graph
worldgen/structure,cataclysm:ancient_factory,L_Ender's Cataclysm 1.21.1-3.33.jar | integrated_cataclysm-1.0.6+1.21.1-neoforge.jar,2,integrated_cataclysm-1.0.6+1.21.1-neoforge.jar,Not certified; verify actual resource order before accepting runtime graph
worldgen/structure,cataclysm:burning_arena,L_Ender's Cataclysm 1.21.1-3.33.jar | integrated_cataclysm-1.0.6+1.21.1-neoforge.jar,2,integrated_cataclysm-1.0.6+1.21.1-neoforge.jar,Not certified; verify actual resource order before accepting runtime graph
worldgen/structure,cataclysm:cursed_pyramid,L_Ender's Cataclysm 1.21.1-3.33.jar | integrated_cataclysm-1.0.6+1.21.1-neoforge.jar,1,integrated_cataclysm-1.0.6+1.21.1-neoforge.jar,Not certified; verify actual resource order before accepting runtime graph
worldgen/structure,cataclysm:frosted_prison,L_Ender's Cataclysm 1.21.1-3.33.jar | integrated_cataclysm-1.0.6+1.21.1-neoforge.jar,1,integrated_cataclysm-1.0.6+1.21.1-neoforge.jar,Not certified; verify actual resource order before accepting runtime graph
worldgen/structure,cataclysm:ruined_citadel,L_Ender's Cataclysm 1.21.1-3.33.jar | integrated_cataclysm-1.0.6+1.21.1-neoforge.jar,2,integrated_cataclysm-1.0.6+1.21.1-neoforge.jar,Not certified; verify actual resource order before accepting runtime graph
worldgen/structure,cataclysm:soul_black_smith,L_Ender's Cataclysm 1.21.1-3.33.jar | integrated_cataclysm-1.0.6+1.21.1-neoforge.jar,2,integrated_cataclysm-1.0.6+1.21.1-neoforge.jar,Not certified; verify actual resource order before accepting runtime graph
worldgen/structure,cataclysm:sunken_city,L_Ender's Cataclysm 1.21.1-3.33.jar | integrated_cataclysm-1.0.6+1.21.1-neoforge.jar,1,integrated_cataclysm-1.0.6+1.21.1-neoforge.jar,Not certified; verify actual resource order before accepting runtime graph
worldgen/structure,minecraft:village_taiga,lukis-grand-capitals-1.1.3.jar | dungeons-and-taverns-v4.4.4 [NeoForge].jar,2,dungeons-and-taverns-v4.4.4 [NeoForge].jar,Not certified; verify actual resource order before accepting runtime graph
worldgen/structure,mowziesmobs:frostmaw_spawn,IMM v1.3.2-1.21.1.jar | mowziesmobs-1.21.1-1.8.2.jar,2,mowziesmobs-1.21.1-1.8.2.jar,Not certified; verify actual resource order before accepting runtime graph
worldgen/structure,mowziesmobs:monastery,IMM v1.3.2-1.21.1.jar | mowziesmobs-1.21.1-1.8.2.jar,2,mowziesmobs-1.21.1-1.8.2.jar,Not certified; verify actual resource order before accepting runtime graph
worldgen/structure,mowziesmobs:umvuthana_grove,IMM v1.3.2-1.21.1.jar | mowziesmobs-1.21.1-1.8.2.jar,2,mowziesmobs-1.21.1-1.8.2.jar,Not certified; verify actual resource order before accepting runtime graph
worldgen/structure,mowziesmobs:wrought_chamber,IMM v1.3.2-1.21.1.jar | mowziesmobs-1.21.1-1.8.2.jar,2,mowziesmobs-1.21.1-1.8.2.jar,Not certified; verify actual resource order before accepting runtime graph
worldgen/structure_set,bosses_of_mass_destruction:gauntlet_arena,BOMD-NeoForge-1.21-1.3.3.jar | IBOMD v1.0.0-1.21.1.jar,1,IBOMD v1.0.0-1.21.1.jar,Not certified; verify actual resource order before accepting runtime graph
worldgen/structure_set,bosses_of_mass_destruction:lich_tower,BOMD-NeoForge-1.21-1.3.3.jar | IBOMD v1.0.0-1.21.1.jar,2,IBOMD v1.0.0-1.21.1.jar,Not certified; verify actual resource order before accepting runtime graph
worldgen/structure_set,bosses_of_mass_destruction:obsidilith_arena,BOMD-NeoForge-1.21-1.3.3.jar | IBOMD v1.0.0-1.21.1.jar,1,IBOMD v1.0.0-1.21.1.jar,Not certified; verify actual resource order before accepting runtime graph
worldgen/structure_set,bosses_of_mass_destruction:void_blossom,BOMD-NeoForge-1.21-1.3.3.jar | IBOMD v1.0.0-1.21.1.jar,1,IBOMD v1.0.0-1.21.1.jar,Not certified; verify actual resource order before accepting runtime graph
worldgen/structure_set,cataclysm:ancient_factory,L_Ender's Cataclysm 1.21.1-3.33.jar | integrated_cataclysm-1.0.6+1.21.1-neoforge.jar,2,integrated_cataclysm-1.0.6+1.21.1-neoforge.jar,Not certified; verify actual resource order before accepting runtime graph
worldgen/structure_set,cataclysm:burning_arena,L_Ender's Cataclysm 1.21.1-3.33.jar | integrated_cataclysm-1.0.6+1.21.1-neoforge.jar,1,integrated_cataclysm-1.0.6+1.21.1-neoforge.jar,Not certified; verify actual resource order before accepting runtime graph
worldgen/structure_set,cataclysm:cursed_pyramid,L_Ender's Cataclysm 1.21.1-3.33.jar | integrated_cataclysm-1.0.6+1.21.1-neoforge.jar,1,integrated_cataclysm-1.0.6+1.21.1-neoforge.jar,Not certified; verify actual resource order before accepting runtime graph
worldgen/structure_set,cataclysm:frosted_prison,L_Ender's Cataclysm 1.21.1-3.33.jar | integrated_cataclysm-1.0.6+1.21.1-neoforge.jar,1,integrated_cataclysm-1.0.6+1.21.1-neoforge.jar,Not certified; verify actual resource order before accepting runtime graph
worldgen/structure_set,cataclysm:ruined_citadel,L_Ender's Cataclysm 1.21.1-3.33.jar | integrated_cataclysm-1.0.6+1.21.1-neoforge.jar,1,integrated_cataclysm-1.0.6+1.21.1-neoforge.jar,Not certified; verify actual resource order before accepting runtime graph
worldgen/structure_set,cataclysm:sunken_city,L_Ender's Cataclysm 1.21.1-3.33.jar | integrated_cataclysm-1.0.6+1.21.1-neoforge.jar,1,integrated_cataclysm-1.0.6+1.21.1-neoforge.jar,Not certified; verify actual resource order before accepting runtime graph
worldgen/structure_set,minecraft:villages,lukis-grand-capitals-1.1.3.jar | natures_spirit-2.2.5-1.21.1.jar,2,natures_spirit-2.2.5-1.21.1.jar,Not certified; verify actual resource order before accepting runtime graph
worldgen/structure_set,mowziesmobs:wrought_chambers,IMM v1.3.2-1.21.1.jar | mowziesmobs-1.21.1-1.8.2.jar,2,mowziesmobs-1.21.1-1.8.2.jar,Not certified; verify actual resource order before accepting runtime graph
worldgen/template_pool,bosses_of_mass_destruction:gauntlet_arena/start_pool,BOMD-NeoForge-1.21-1.3.3.jar | IBOMD v1.0.0-1.21.1.jar,2,IBOMD v1.0.0-1.21.1.jar,Not certified; verify actual resource order before accepting runtime graph
worldgen/template_pool,bosses_of_mass_destruction:lich_tower/start_pool,BOMD-NeoForge-1.21-1.3.3.jar | IBOMD v1.0.0-1.21.1.jar,2,IBOMD v1.0.0-1.21.1.jar,Not certified; verify actual resource order before accepting runtime graph
worldgen/template_pool,bosses_of_mass_destruction:obsidilith_arena/start_pool,BOMD-NeoForge-1.21-1.3.3.jar | IBOMD v1.0.0-1.21.1.jar,2,IBOMD v1.0.0-1.21.1.jar,Not certified; verify actual resource order before accepting runtime graph
worldgen/template_pool,cataclysm:ancient_factory/a,L_Ender's Cataclysm 1.21.1-3.33.jar | integrated_cataclysm-1.0.6+1.21.1-neoforge.jar,2,integrated_cataclysm-1.0.6+1.21.1-neoforge.jar,Not certified; verify actual resource order before accepting runtime graph
worldgen/template_pool,cataclysm:ancient_factory/d,L_Ender's Cataclysm 1.21.1-3.33.jar | integrated_cataclysm-1.0.6+1.21.1-neoforge.jar,2,integrated_cataclysm-1.0.6+1.21.1-neoforge.jar,Not certified; verify actual resource order before accepting runtime graph
worldgen/template_pool,cataclysm:ancient_factory/e,L_Ender's Cataclysm 1.21.1-3.33.jar | integrated_cataclysm-1.0.6+1.21.1-neoforge.jar,2,integrated_cataclysm-1.0.6+1.21.1-neoforge.jar,Not certified; verify actual resource order before accepting runtime graph
worldgen/template_pool,cataclysm:ancient_factory/mob/the_harbinger,L_Ender's Cataclysm 1.21.1-3.33.jar | integrated_cataclysm-1.0.6+1.21.1-neoforge.jar,2,integrated_cataclysm-1.0.6+1.21.1-neoforge.jar,Not certified; verify actual resource order before accepting runtime graph
worldgen/template_pool,cataclysm:ancient_factory/mob/the_prowler,L_Ender's Cataclysm 1.21.1-3.33.jar | integrated_cataclysm-1.0.6+1.21.1-neoforge.jar,2,integrated_cataclysm-1.0.6+1.21.1-neoforge.jar,Not certified; verify actual resource order before accepting runtime graph
worldgen/template_pool,cataclysm:ancient_factory/mob/the_watcher,L_Ender's Cataclysm 1.21.1-3.33.jar | integrated_cataclysm-1.0.6+1.21.1-neoforge.jar,2,integrated_cataclysm-1.0.6+1.21.1-neoforge.jar,Not certified; verify actual resource order before accepting runtime graph
worldgen/template_pool,cataclysm:ancient_factory/q,L_Ender's Cataclysm 1.21.1-3.33.jar | integrated_cataclysm-1.0.6+1.21.1-neoforge.jar,2,integrated_cataclysm-1.0.6+1.21.1-neoforge.jar,Not certified; verify actual resource order before accepting runtime graph
worldgen/template_pool,cataclysm:ancient_factory/start_pool,L_Ender's Cataclysm 1.21.1-3.33.jar | integrated_cataclysm-1.0.6+1.21.1-neoforge.jar,2,integrated_cataclysm-1.0.6+1.21.1-neoforge.jar,Not certified; verify actual resource order before accepting runtime graph
worldgen/template_pool,cataclysm:ancient_factory/w,L_Ender's Cataclysm 1.21.1-3.33.jar | integrated_cataclysm-1.0.6+1.21.1-neoforge.jar,2,integrated_cataclysm-1.0.6+1.21.1-neoforge.jar,Not certified; verify actual resource order before accepting runtime graph
worldgen/template_pool,cataclysm:frosted_prison/bottom_1,L_Ender's Cataclysm 1.21.1-3.33.jar | integrated_cataclysm-1.0.6+1.21.1-neoforge.jar,2,integrated_cataclysm-1.0.6+1.21.1-neoforge.jar,Not certified; verify actual resource order before accepting runtime graph
worldgen/template_pool,cataclysm:frosted_prison/bottom_10,L_Ender's Cataclysm 1.21.1-3.33.jar | integrated_cataclysm-1.0.6+1.21.1-neoforge.jar,2,integrated_cataclysm-1.0.6+1.21.1-neoforge.jar,Not certified; verify actual resource order before accepting runtime graph
worldgen/template_pool,cataclysm:frosted_prison/bottom_11,L_Ender's Cataclysm 1.21.1-3.33.jar | integrated_cataclysm-1.0.6+1.21.1-neoforge.jar,2,integrated_cataclysm-1.0.6+1.21.1-neoforge.jar,Not certified; verify actual resource order before accepting runtime graph
worldgen/template_pool,cataclysm:frosted_prison/bottom_12,L_Ender's Cataclysm 1.21.1-3.33.jar | integrated_cataclysm-1.0.6+1.21.1-neoforge.jar,2,integrated_cataclysm-1.0.6+1.21.1-neoforge.jar,Not certified; verify actual resource order before accepting runtime graph
worldgen/template_pool,cataclysm:frosted_prison/bottom_2,L_Ender's Cataclysm 1.21.1-3.33.jar | integrated_cataclysm-1.0.6+1.21.1-neoforge.jar,2,integrated_cataclysm-1.0.6+1.21.1-neoforge.jar,Not certified; verify actual resource order before accepting runtime graph
worldgen/template_pool,cataclysm:frosted_prison/bottom_3,L_Ender's Cataclysm 1.21.1-3.33.jar | integrated_cataclysm-1.0.6+1.21.1-neoforge.jar,2,integrated_cataclysm-1.0.6+1.21.1-neoforge.jar,Not certified; verify actual resource order before accepting runtime graph
worldgen/template_pool,cataclysm:frosted_prison/bottom_4,L_Ender's Cataclysm 1.21.1-3.33.jar | integrated_cataclysm-1.0.6+1.21.1-neoforge.jar,2,integrated_cataclysm-1.0.6+1.21.1-neoforge.jar,Not certified; verify actual resource order before accepting runtime graph
worldgen/template_pool,cataclysm:frosted_prison/bottom_5,L_Ender's Cataclysm 1.21.1-3.33.jar | integrated_cataclysm-1.0.6+1.21.1-neoforge.jar,2,integrated_cataclysm-1.0.6+1.21.1-neoforge.jar,Not certified; verify actual resource order before accepting runtime graph
worldgen/template_pool,cataclysm:frosted_prison/bottom_6,L_Ender's Cataclysm 1.21.1-3.33.jar | integrated_cataclysm-1.0.6+1.21.1-neoforge.jar,2,integrated_cataclysm-1.0.6+1.21.1-neoforge.jar,Not certified; verify actual resource order before accepting runtime graph
worldgen/template_pool,cataclysm:frosted_prison/bottom_7,L_Ender's Cataclysm 1.21.1-3.33.jar | integrated_cataclysm-1.0.6+1.21.1-neoforge.jar,2,integrated_cataclysm-1.0.6+1.21.1-neoforge.jar,Not certified; verify actual resource order before accepting runtime graph
worldgen/template_pool,cataclysm:frosted_prison/bottom_8,L_Ender's Cataclysm 1.21.1-3.33.jar | integrated_cataclysm-1.0.6+1.21.1-neoforge.jar,2,integrated_cataclysm-1.0.6+1.21.1-neoforge.jar,Not certified; verify actual resource order before accepting runtime graph
worldgen/template_pool,cataclysm:frosted_prison/bottom_9,L_Ender's Cataclysm 1.21.1-3.33.jar | integrated_cataclysm-1.0.6+1.21.1-neoforge.jar,2,integrated_cataclysm-1.0.6+1.21.1-neoforge.jar,Not certified; verify actual resource order before accepting runtime graph
worldgen/template_pool,cataclysm:frosted_prison/mid_1,L_Ender's Cataclysm 1.21.1-3.33.jar | integrated_cataclysm-1.0.6+1.21.1-neoforge.jar,2,integrated_cataclysm-1.0.6+1.21.1-neoforge.jar,Not certified; verify actual resource order before accepting runtime graph
worldgen/template_pool,cataclysm:frosted_prison/mid_10,L_Ender's Cataclysm 1.21.1-3.33.jar | integrated_cataclysm-1.0.6+1.21.1-neoforge.jar,2,integrated_cataclysm-1.0.6+1.21.1-neoforge.jar,Not certified; verify actual resource order before accepting runtime graph
worldgen/template_pool,cataclysm:frosted_prison/mid_11,L_Ender's Cataclysm 1.21.1-3.33.jar | integrated_cataclysm-1.0.6+1.21.1-neoforge.jar,2,integrated_cataclysm-1.0.6+1.21.1-neoforge.jar,Not certified; verify actual resource order before accepting runtime graph
worldgen/template_pool,cataclysm:frosted_prison/mid_2,L_Ender's Cataclysm 1.21.1-3.33.jar | integrated_cataclysm-1.0.6+1.21.1-neoforge.jar,2,integrated_cataclysm-1.0.6+1.21.1-neoforge.jar,Not certified; verify actual resource order before accepting runtime graph
worldgen/template_pool,cataclysm:frosted_prison/mid_3,L_Ender's Cataclysm 1.21.1-3.33.jar | integrated_cataclysm-1.0.6+1.21.1-neoforge.jar,2,integrated_cataclysm-1.0.6+1.21.1-neoforge.jar,Not certified; verify actual resource order before accepting runtime graph
worldgen/template_pool,cataclysm:frosted_prison/mid_5,L_Ender's Cataclysm 1.21.1-3.33.jar | integrated_cataclysm-1.0.6+1.21.1-neoforge.jar,2,integrated_cataclysm-1.0.6+1.21.1-neoforge.jar,Not certified; verify actual resource order before accepting runtime graph
worldgen/template_pool,cataclysm:frosted_prison/mid_7,L_Ender's Cataclysm 1.21.1-3.33.jar | integrated_cataclysm-1.0.6+1.21.1-neoforge.jar,2,integrated_cataclysm-1.0.6+1.21.1-neoforge.jar,Not certified; verify actual resource order before accepting runtime graph
worldgen/template_pool,cataclysm:frosted_prison/mid_9,L_Ender's Cataclysm 1.21.1-3.33.jar | integrated_cataclysm-1.0.6+1.21.1-neoforge.jar,2,integrated_cataclysm-1.0.6+1.21.1-neoforge.jar,Not certified; verify actual resource order before accepting runtime graph
worldgen/template_pool,cataclysm:frosted_prison/mob/aptrgangr,L_Ender's Cataclysm 1.21.1-3.33.jar | integrated_cataclysm-1.0.6+1.21.1-neoforge.jar,2,integrated_cataclysm-1.0.6+1.21.1-neoforge.jar,Not certified; verify actual resource order before accepting runtime graph
worldgen/template_pool,cataclysm:frosted_prison/mob/draugr,L_Ender's Cataclysm 1.21.1-3.33.jar | integrated_cataclysm-1.0.6+1.21.1-neoforge.jar,2,integrated_cataclysm-1.0.6+1.21.1-neoforge.jar,Not certified; verify actual resource order before accepting runtime graph
worldgen/template_pool,cataclysm:frosted_prison/mob/elite_draugr,L_Ender's Cataclysm 1.21.1-3.33.jar | integrated_cataclysm-1.0.6+1.21.1-neoforge.jar,2,integrated_cataclysm-1.0.6+1.21.1-neoforge.jar,Not certified; verify actual resource order before accepting runtime graph
worldgen/template_pool,cataclysm:frosted_prison/mob/royal_draugr,L_Ender's Cataclysm 1.21.1-3.33.jar | integrated_cataclysm-1.0.6+1.21.1-neoforge.jar,2,integrated_cataclysm-1.0.6+1.21.1-neoforge.jar,Not certified; verify actual resource order before accepting runtime graph
worldgen/template_pool,cataclysm:frosted_prison/start_pool,L_Ender's Cataclysm 1.21.1-3.33.jar | integrated_cataclysm-1.0.6+1.21.1-neoforge.jar,2,integrated_cataclysm-1.0.6+1.21.1-neoforge.jar,Not certified; verify actual resource order before accepting runtime graph
worldgen/template_pool,cataclysm:frosted_prison/top_6,L_Ender's Cataclysm 1.21.1-3.33.jar | integrated_cataclysm-1.0.6+1.21.1-neoforge.jar,2,integrated_cataclysm-1.0.6+1.21.1-neoforge.jar,Not certified; verify actual resource order before accepting runtime graph
worldgen/template_pool,cataclysm:frosted_prison/upper_6,L_Ender's Cataclysm 1.21.1-3.33.jar | integrated_cataclysm-1.0.6+1.21.1-neoforge.jar,2,integrated_cataclysm-1.0.6+1.21.1-neoforge.jar,Not certified; verify actual resource order before accepting runtime graph
worldgen/template_pool,cataclysm:frosted_prison/upper_7,L_Ender's Cataclysm 1.21.1-3.33.jar | integrated_cataclysm-1.0.6+1.21.1-neoforge.jar,2,integrated_cataclysm-1.0.6+1.21.1-neoforge.jar,Not certified; verify actual resource order before accepting runtime graph
worldgen/template_pool,cataclysm:soul_black_smith/mob/ministrosity,L_Ender's Cataclysm 1.21.1-3.33.jar | integrated_cataclysm-1.0.6+1.21.1-neoforge.jar,1,integrated_cataclysm-1.0.6+1.21.1-neoforge.jar,Not certified; verify actual resource order before accepting runtime graph
worldgen/template_pool,cataclysm:soul_black_smith/mob/monstrosity,L_Ender's Cataclysm 1.21.1-3.33.jar | integrated_cataclysm-1.0.6+1.21.1-neoforge.jar,1,integrated_cataclysm-1.0.6+1.21.1-neoforge.jar,Not certified; verify actual resource order before accepting runtime graph
worldgen/template_pool,cataclysm:soul_black_smith/start_pool,L_Ender's Cataclysm 1.21.1-3.33.jar | integrated_cataclysm-1.0.6+1.21.1-neoforge.jar,2,integrated_cataclysm-1.0.6+1.21.1-neoforge.jar,Not certified; verify actual resource order before accepting runtime graph
