path,change,before_sha256,after_sha256
APPROVED_ADDITION_JARS.txt,added,,5ead4a19b97d4716e1f76ce061e60b1c1bc9471fcea3ec5a5b0662f7255635a7
APPROVED_STRUCTURE_ADDITIONS.csv,added,,cded3e8cceef93dd8d4acd19b459660c1a806765fc0fa1d8b9edeeda21bc3464
CHANGELOG.md,modified,a5d0685f36f32a437027c4fe759479ead3321acd6f728b57ebf737f5a5cddb75,099734aa7c0f2458273fd8c58c81570e61ba07b6da1d2bd9b8758ef7fcf3934e
CODE_GENERATED_PLACEMENT_ROUTES.csv,added,,e18ef719e04ef4ad4eedc82561e6f56e32e3dec5c10615b497f42a362596845e
CREATE_ADDON_STRUCTURE_SCREENING.csv,added,,48c10cb7ae3e25d378e556ad05536f2f005e769693b2ec341e5844becf3d0fde
FARMERS_STRUCTURE_CATALOG.csv,added,,abb73402702f5567f79e2081d6a94d682efb0695606d3302b2a5a21a04fa4795
FUTURE_MOD_STRUCTURE_SCREENING.csv,added,,b56e1c00293dbe0d858223111834e7957353435cf90218b7b8413577b2af8114
INSTALLED_MOD_STRUCTURE_SCREENING.csv,added,,0731fdf819610a38f25bfe9386b0045f3bdfe5cd9c2bd43eedf14d3e5dd2f507
MISSING_JARS.txt,added,,6a321b50ebdfcc36b9bb0e863348f77bb93386ce93be17f4d56245258dcde2e7
MOD_STRUCTURE_SCREENING.md,added,,db32bcaaa0a6620ce923240e5db646ecfc353e5e85b2b9023eed604e4bc0a3a5
NATIVE_RESOURCE_COLLISIONS.csv,added,,b23074733f9d02fe2299b7975dcf03ca07fe1fc70271d9874f8984d8fed08677
README-0.3.1.md,modified,becd28de6dc0ee21b53bde440eba1ced4682fc60b0bbca1fffee78279f193a0e,725766a2bbb00ccaa8d507928f3e830c8fd9c8f881d5ceee7a647f09c9e9603a
STRUCTURE_BIOME_AUDIT.md,modified,44e01f392a05ef864af083232c836aa27ef65a6b00b424b201d6477ea0c4248b,ea9a44ddafc5506fc64d6baa75bfd478a31c10fc93d07de4f07324fa733bf72e
STRUCTURE_BIOME_MATRIX.csv,modified,98ed536623c925681aa82bcce52434336db4fbd61b4c3223a083f967d8d202d4,a7c300d64314ab1a1f6801efc2b77a57039d85752a8b0d70c9c5906b4fdca5d0
STRUCTURE_REGISTRY_CATALOG.csv,modified,5ac418cbf636d863ac4ce52d601c19c342979761184a947602a163be9943aa88,f75416283f5071f3e35b68551c23e0c2a8db4966aafad48baaffdf9d5799cdc5
STRUCTURE_SET_CATALOG.csv,modified,d7e2ef3f658b26a0a07a0777c0698bb124253d662ba6d2d8d3ac48b54adf20e7,b57d381f92a74092a53138c105aec573eb9c682c4f3a5024ac50b0657ba519ce
STRUCTURE_TEST5_CHANGELOG.md,modified,7f0dee48f457aa431c50ad3ef7e2ddd11f60f3f250474c8cb837659626a6f1d7,1888cbb05774526f8907dba976a5d2495ded556662882d570f886e9768edf8f4
STRUCTURE_TEST5_INSTALL.md,modified,297c2e9dedb886daf4cac3957ea8f0fc847cbd6812ada74c7c699230afd39783,ec0531ea809101f7d1f85643e82284b8c07d619cab3b42fee48148bc4cee7e61
STRUCTURE_TEST5_VALIDATION.md,modified,098f0b2e3bd3a06be2d1b8049ae0961d4f05d1bdf8ea065a2250cc13c3f0d222,20782d13cba5535a68f2a046b9bf8598422c52c5ac1b9b01c6e85cc758233518
TODO.md,modified,9014b4d420ebd508f7044f2fb2f5b494b57e639f9153e6d3a6d376f828968174,d2f6d375f8b8f6720335bb2c8b908bb082c69ae1ed8979b887cdea97ef771b09
audit_continuation_031.py,added,,23c911b775e5a8eaf1de269dd1952e15fd5cddde20362949d3c57bcf058899c6
audit_jars_031.py,modified,0af09af8ce0649d91f3a80cf812e0522c0bc4b055904494c251c530e29f9c8de,a53fb7b19e0efa2f898bee079632a5a8bae17aa7d0cb63028fb47eb8b2adc5b1
build_release_030.py,modified,ab8aa2ef17a732aa514c13b80aece58dc689641d1ca7b8a9105b7ee084817e72,f7a008e922883dd9394c45585b5ac30e6f59719e8202153af816fcce70ffb421
compile_structure_repairs_031.py,modified,1f9a3c0bc510bf38476bb689cad76a3848fe7dea6dae5dcf3dc902989dede1b9,8727d746f4c92d5d8ad5c7c1490fc1f4f366dc54abd7b3474b7c8e2e84fddf98
nbt_audit_031.py,modified,d6565e26808ffb3d524a3f397d8e125539e31ccacf96b46d43559bd130ecee9f,78326d9c0018e24b148afd98d9cf7573eab639543e307ee94441a87f9a9cd385
package_structure_test5.py,modified,2ec1b4e115beb60cc79cc71974f55ee3c9fff6bcc6a02ddff5673dd0f7ee34ce,56e9ac5c04659b9c8fd97b6387a7e0fb123c98734897959b91d5b514ded1f69e
release_030/approved-structure-additions.json,added,,3e538629341ef37107c9d34c579b9ee3eb40c9f032d1ac54fdfb0664066c2563
release_030/evidence/CANDIDATE_REGISTRY_2026-10-06.md,added,,83678c400ec681c98064eb24226228e28c5e039b5eb1f9f0b6019e71e4c5c0ed
release_030/evidence/baseline-reproduction.json,added,,d04c50dd62efd6c023e649dd75bf444e0e4b24d5527833a1ccb27594b3c14d90
release_030/evidence/baseline-source-file-hashes.json,added,,3ce5c6086aed97b599c42730f7bfccb2f5c6c0f9837a2aac4fd658e0ac1f2d0f
release_030/evidence/baseline-test5/README-0.3.1.md,added,,becd28de6dc0ee21b53bde440eba1ced4682fc60b0bbca1fffee78279f193a0e
release_030/evidence/baseline-test5/STRUCTURE_BIOME_AUDIT.md,added,,44e01f392a05ef864af083232c836aa27ef65a6b00b424b201d6477ea0c4248b
release_030/evidence/baseline-test5/STRUCTURE_TEST5_CHANGELOG.md,added,,7f0dee48f457aa431c50ad3ef7e2ddd11f60f3f250474c8cb837659626a6f1d7
release_030/evidence/baseline-test5/STRUCTURE_TEST5_INSTALL.md,added,,297c2e9dedb886daf4cac3957ea8f0fc847cbd6812ada74c7c699230afd39783
release_030/evidence/baseline-test5/STRUCTURE_TEST5_VALIDATION.md,added,,098f0b2e3bd3a06be2d1b8049ae0961d4f05d1bdf8ea065a2250cc13c3f0d222
release_030/evidence/baseline-test5/TODO.md,added,,9014b4d420ebd508f7044f2fb2f5b494b57e639f9153e6d3a6d376f828968174
release_030/evidence/baseline-test5/biome-roster.json,added,,75d3e2117489c17413d83f3778badc491f40e1da3386fc9529566f01faae7098
release_030/evidence/baseline-test5/jar-audit-coverage-test5.json,added,,61bd255c1c11e4c4f92a03b175d7a2094c0591d484d664e84ab2d5d5fdc07219
release_030/evidence/baseline-test5/jar-resource-index-test5.json.gz,added,,c0d8455c24659c2711e6c2fc57e601344e9022705197b1030e513d09f0796a15
release_030/evidence/baseline-test5/pool-repair-evidence.json,added,,8f6ed1614eaa94252402bfeec9270b5fcee2e6ba38a13445ea81e591556d3262
release_030/evidence/baseline-test5/static-validation-structure-test5.json,added,,664c1ab9597d92f0d16485c5f2c3b8ea019ad4024dc0437824e78261e7671b6d
release_030/evidence/catspell-absent-items.json,added,,070bcee24946a418d89c07dd3eb6232300318894ee7cc9068eebc169b24e818f
release_030/evidence/code-generated-placement-routes.json,added,,9e69331b5c1eb1ec854222870d6fa3ed80dac193b2a5d22e5a7a07a9723017df
release_030/evidence/continuation-biome-patches.json,added,,55f257967c53836de43c69f44cc76882f7c4a1dff67386a27255545f39a3f23b
release_030/evidence/cristel-audit/de_cristelknight_cristellib_Constants.class.json,added,,00b8399fbed7ca773a778118af2547a4abfea2dc945ae69c08c1f39336d53f08
release_030/evidence/cristel-audit/de_cristelknight_cristellib_CristelLib.class.json,added,,682942f7394de4422c7376313f2820be8bab3ea300887c37bba1290fdea35d52
release_030/evidence/cristel-audit/de_cristelknight_cristellib_CristelLibRegistry.class.json,added,,774127b2f3cf66696aef350856399b2d00dca29aff8c7228183b0f2834a1d170
release_030/evidence/cristel-audit/de_cristelknight_cristellib_StructureConfig.class.json,added,,65acde4ce16af9758d330c3e47d8158d0ccfd1f997c8af42de2f1b19bcbf5509
release_030/evidence/cristel-audit/de_cristelknight_cristellib_StructureConfigPlacement.class.json,added,,840441e329b26b5d74a059a5e58e3f8225be88658ab0b6c56bfc1f1ee9819f30
release_030/evidence/cristel-audit/de_cristelknight_cristellib_StructureConfigToggle.class.json,added,,7b3223e6d0f4ef30cc3a313ce13f1169e3c679837ec9a3273ac6e552e2192f17
release_030/evidence/cristel-audit/de_cristelknight_cristellib_api_BuiltInAPI.class.json,added,,16db7493416c9cdd7378b7cff439db7336ced42ed22a8ba2a39c1fd5deb3e385
release_030/evidence/cristel-audit/de_cristelknight_cristellib_api_CristelLibAPI.class.json,added,,8ec257307df9fdbf98147eb45698fa3be866c503ca10ff099156bc5599ed83b4
release_030/evidence/cristel-audit/de_cristelknight_cristellib_builtinpacks_BuiltInPack.class.json,added,,9b4c3849ac97f41337fdd5e1f4132a5208718bae6e1f730e6f762e7bf3b4ebc4
release_030/evidence/cristel-audit/de_cristelknight_cristellib_builtinpacks_BuiltInPackConfig$1.class.json,added,,571f062bdf0f8d35cd4c683bad89a870b0021154b0c249bf64fc418c17a4c580
release_030/evidence/cristel-audit/de_cristelknight_cristellib_builtinpacks_BuiltInPackConfig.class.json,added,,63d8e2b7a15f9382904f0aa22fadf7a3242d6987fb1db6b46f3aae76c7b40b1c
release_030/evidence/cristel-audit/de_cristelknight_cristellib_builtinpacks_BuiltInPackLoader.class.json,added,,9857db912c078c7bead306b29027ebe2cc1d1606041a864ac1bbcf7c9c4845b9
release_030/evidence/cristel-audit/de_cristelknight_cristellib_builtinpacks_BuiltinResourcePackSource.class.json,added,,4595954bb326caebca9617867b936ea648ea39c0b40597acad5bd03e678ac34a
release_030/evidence/cristel-audit/de_cristelknight_cristellib_builtinpacks_RuntimePack.class.json,added,,fc51d5601e5613a31acb9e790be0d8b50cc04fde660ff9d2dae2d31044551127
release_030/evidence/cristel-audit/de_cristelknight_cristellib_config_client_extension_extensions_StructureConfigExtension.class.json,added,,b54dfc51ec170de1bfecab128c6780c620aa4447eeed589833521b60ae1527f2
release_030/evidence/cristel-audit/de_cristelknight_cristellib_config_client_structure_ClientStructureConfig.class.json,added,,001fa5ce75aa164d53ad32d7aa6557de1702e4654353022cf1808553f6d75cd8
release_030/evidence/cristel-audit/de_cristelknight_cristellib_neoforge_CristelLibNeoForge.class.json,added,,fe1d3c2cec546c257926a630e8fa3b1af6d8250ddd0e66b5d4eb0db5400f6a57
release_030/evidence/cristel-audit/de_cristelknight_cristellib_neoforge_PlatformHelperImpl.class.json,added,,a5d7fcf79f08bddf4246a92b024b56d6d4d34f8aaa8a8e74220f13c529a1dd1e
release_030/evidence/cristel-audit/de_cristelknight_cristellib_neoforge_client_CristelLibNeoForgeClient.class.json,added,,122d9980aa17b049ffbc69c9803144b9b62cec4aa92c59d735bc542b738bfb39
release_030/evidence/cristel-audit/de_cristelknight_cristellib_util_JsonHelper$Match.class.json,added,,82e10afe8f451a8120be7bfae15806f74688782d985bd718cf1bf17040e20527
release_030/evidence/cristel-audit/de_cristelknight_cristellib_util_JsonHelper.class.json,added,,59c6c5a528055a6f397fb70322555f7eb2eff06f44bc5727baa274fe3d63ff20
release_030/evidence/cristel-audit/de_cristelknight_cristellib_util_runtimepack_RuntimePackUtil.class.json,added,,2436b36cef9af5e201d592fc6d4ec384621fa4b35bd38fff0a98b199f6cd2b39
release_030/evidence/ctov-broken-connectors.json,added,,8e512dc2adae29e329e5d07f7ef690fd69cf6f3aa07f15d0131adc3f3c8d496b
release_030/evidence/end-island-code-screen.json,added,,93dcdbe449fe42ae34595f4c44d683e7999b1b772a9732515796ff8e0e2b61a8
release_030/evidence/farmers-density-evidence.json,added,,0468fb6933fbe50ff9bee7bf16cd886775993bc1731700542d4bd998ab749991
release_030/evidence/handoffs/master-todo-source-2026-10-09.md,added,,7edf48246a55dd40edc0e0ad3b172a160420a99fe49f1fdea5f083df6f4d358f
release_030/evidence/implementation-primary-sources.json,added,,a2a5d57b4b640088f2dd237ac1ba1fe27a13f84bb7173a437bfb1b4d6024a5fb
release_030/evidence/jar-audit-coverage-test5.json,modified,61bd255c1c11e4c4f92a03b175d7a2094c0591d484d664e84ab2d5d5fdc07219,d9fcbc394dfae2f12febbcd498f9873230e07fc6d90ead0608fe8af66994d7a3
release_030/evidence/jar-resource-index-test5.json.gz,modified,c0d8455c24659c2711e6c2fc57e601344e9022705197b1030e513d09f0796a15,8b3d3cad6e2f5e2e5a633f9132ad86ae2a99cc4fb7b63a23807f21313ba79914
release_030/evidence/new-jar-details.json.gz,added,,ff50add0d7f4892ca6cfbb720fbd467001112e7d2c7b83ec8ba15ecb778d1727
release_030/evidence/new-jar-details/com_gametechbc_traveloptics_init_TOItems.class.json,added,,8958bc766bdd33485b82de759fe9606c07fd1f451fecfe2a189beb3e142a58ae
release_030/evidence/new-jar-details/de_cristelknight_cristellib_PlatformHelper.class.json,added,,8f4db4bab456894f1bf7c6516231856cd6bb6afb4921778b657fe00ebcd3ab17
release_030/evidence/new-jar-details/de_cristelknight_cristellib_builtinpacks_BuiltInPackLoader$1.class.json,added,,39c02420352b47facc90f008d170b91b786510fdefb7b9888aeb78ed5604078e
release_030/evidence/new-jar-details/de_cristelknight_cristellib_builtinpacks_BuiltInPackLoader.class.json,added,,9857db912c078c7bead306b29027ebe2cc1d1606041a864ac1bbcf7c9c4845b9
release_030/evidence/new-jar-details/de_cristelknight_cristellib_config_client_structure_ClientPlacementConfig.class.json,added,,a04d2f08d9f6277be7db790e547ef849e421a9ceaccd6c6d630a634a0d66efce
release_030/evidence/new-jar-details/de_cristelknight_cristellib_config_structure_placement_PlacementConfig.class.json,added,,a983bee0f2fddefd1204647c9e3709365c6813a8a6d409a05ee84ecfcb3aa00a
release_030/evidence/new-jar-details/de_cristelknight_cristellib_neoforge_PlatformHelperImpl.class.json,added,,a5d7fcf79f08bddf4246a92b024b56d6d4d34f8aaa8a8e74220f13c529a1dd1e
release_030/evidence/new-jar-details/net_acetheeldritchking_cataclysm_spellbooks_registries_CSEntityRegistry.class.json,added,,7d3ebf9dea78e988b485436b039f9d3793d72540e2d6f84b297d4620b79f0932
release_030/evidence/new-jar-details/net_acetheeldritchking_cataclysm_spellbooks_registries_ItemRegistries$1.class.json,added,,e72586ae2b3fb752fb79b13c3692ace814f570c5229c876dccf08fa5bc509114
release_030/evidence/new-jar-details/net_acetheeldritchking_cataclysm_spellbooks_registries_ItemRegistries.class.json,added,,12229e69f8a8a00e2ba473b480037c0d6ecdf671a08090ef4c5575a265e0463b
release_030/evidence/new-jar-details/net_choicetheorem_ctov_CTOV.class.json,added,,3f6dbd118835a7ec664ea64b692378c72888154babe293c7046004b9e8270b70
release_030/evidence/new-jar-details/net_choicetheorem_ctov_platform_CTOVConfigHelper.class.json,added,,c18086217f1db2b0c53a649f528e8df95a328aa9b6ad1ee48b365c25516fa13f
release_030/evidence/new-jar-details/net_choicetheorem_ctov_platform_neoforge_CTOVConfigHelperImpl.class.json,added,,196e7a730d04d4157aa4561a3fb9697bd3658a2537839691562b58ff6c1e6147
release_030/evidence/new-jar-details/net_choicetheorem_ctov_registry_neoforge_CTOVConfigNeoForge.class.json,added,,304262270ab7efb945da058d5d64b7d338c5eaa113bdd73241be5036c8b5bea0
release_030/evidence/new-jar-details/net_choicetheorem_ctov_utils_CTOVStructureHelper.class.json,added,,30a55854c8a1b3e0dad2261cdd715d342e13e796ba2007de42a982c7a4b42f11
release_030/evidence/new-jar-screen.json,added,,cdcb9c9790af0939c818c4b66f19ddf2f83d05f56f9432b7ae4d8e3d8508a352
release_030/evidence/pool-repair-continuation-evidence.json,added,,68c8a8a08c2db50300159296dd4e25e5090677274fd0572819d3411dcca1f5b2
release_030/evidence/shared-placement-salts-test5.json,modified,766bbb440ca3a32e5f9174c3bc5713fdf5e53d037c67e5a00b1eedbfc20f4732,4d8681d2a89f2bfc5b19b5fcc2d24fc5115a9cf8e1d686c6db5f7da92b866f0b
release_030/evidence/static-validation-structure-test5.json,modified,664c1ab9597d92f0d16485c5f2c3b8ea019ad4024dc0437824e78261e7671b6d,0315acaa96f18db60eaa0cffb18936557516eac714935a53d227fea544047aac
release_030/evidence/structure-audit-summary-test5.json,modified,1aeb4fa2a26c1af49e801a6386481ee9a456e63a9d00285299ebb6b827c85cc4,042f9c7fd5b371c79bb5aade4ee788aaab87a398a46669262d618d288d60e8cc
release_030/evidence/structure-provider-audit-summary.json,added,,ea447c0415a3c5a754a7132824bb776096ab403da64de01bbba58e02d11784b3
release_030/evidence/traveloptics-repair-evidence.json,added,,53c363a0fa1744e0707266eb3a5b63e20397a6292e30e729731afd9b8a7da29d
release_030/native-template-inputs/waystones-desert-waystone.nbt,added,,88488c210fe34985fca3d55213f4aac39291b88b82f2d36a1c064638bb64a907
release_030/overrides/config/cristellib/dungeons_arise/structure_toggle_config.json5,modified,ae3651ad7a21bd3095e79da06e5836de38385456b803ed689f8e739f0e514922,21a708ce78c69afeac2d9560ccfd4632e47d32a96050a9758ac25588d79a89dd
release_030/overrides/config/cristellib/farmers_structures/structure_placement_config.json5,modified,d6cf0141cbcd8ad7e821e64fea169b211b4ebf52c979f925337db888fa1a9130,84a2dff9c473fd6bf055afc7e9e587100b676a0ccd173bc89a57ca6b87f617bb
release_030/overrides/config/cristellib/idas/structure_toggle_config.json5,modified,74e87de8062e4a993b9e5969f8d4ccdb466dc981bf9eec9609124e7960d3af51,33c6858c645289ea17ca293350de9f4390dd7d9b6accef78c46bd470d3ba212b
release_030/overrides/config/paxi/datapacks/ao_compatibility/data/create_rustic_structures/worldgen/structure/rustic_barn.json,added,,9a2d74907e2c120cc3eaa0289ef05e2c3805e40b3e483ae6d1889af8cd711e9e
release_030/overrides/config/paxi/datapacks/ao_compatibility/data/create_rustic_structures/worldgen/structure/rustic_smithy.json,added,,09d1a8ee942d80cd9fc43649bc73e56b04d4cfef8bd57f14113f8766c4a5e9c8
release_030/overrides/config/paxi/datapacks/ao_compatibility/data/create_rustic_structures/worldgen/structure/rustic_well.json,added,,7dc84485719e2f8ed9118ee9bb86082f3e3c840de8e8818330a1f39052773033
release_030/overrides/config/paxi/datapacks/ao_compatibility/data/create_rustic_structures/worldgen/structure/rustic_windmill.json,added,,5afd2c32491bb26dbfe3368b7485bd6d1aebb6f76df86b30445ec18454c9ae78
release_030/overrides/config/paxi/datapacks/ao_compatibility/data/ctov/worldgen/structure/large/village_christmas.json,added,,3968f5ac4c9fbe3435a900533deae949de0b046ff56ef7903c00efe48d9be1f9
release_030/overrides/config/paxi/datapacks/ao_compatibility/data/ctov/worldgen/structure/large/village_dark_forest.json,added,,5670f7cde76980a1bb4818f78d9819f354c1fb8eab61872fd66a3718df2ea21a
release_030/overrides/config/paxi/datapacks/ao_compatibility/data/ctov/worldgen/structure/large/village_plains.json,added,,518ea1167058e48bc93419e74e0b07df4ea022d15393fbee4f8a3e923b40ebf5
release_030/overrides/config/paxi/datapacks/ao_compatibility/data/ctov/worldgen/structure/large/village_plains_fortified.json,added,,a71db28188977c52a1c47d0657f4f200dc7d8fc804e6f7f90cd95772a4304d38
release_030/overrides/config/paxi/datapacks/ao_compatibility/data/ctov/worldgen/structure/large/village_snowy_igloo.json,added,,ebf750c236a9df63ba29944c28f0b74fec3ce0ed3ac2b66af83de40d88e9369d
release_030/overrides/config/paxi/datapacks/ao_compatibility/data/ctov/worldgen/structure/large/village_swamp.json,added,,6b65e4422622f1a02cc96bad793ffd5063500d60eac293b8faad2f03ee68d54a
release_030/overrides/config/paxi/datapacks/ao_compatibility/data/ctov/worldgen/structure/large/village_swamp_fortified.json,added,,8349d4cffc7c9c0b19c72f763702488e45cdc636372caa2a4a6bb769d71d9b1e
release_030/overrides/config/paxi/datapacks/ao_compatibility/data/ctov/worldgen/structure/large/village_taiga.json,added,,d35204179e2779c2b18ad022c77288ca90a672824119072d32c570ccccad75f6
release_030/overrides/config/paxi/datapacks/ao_compatibility/data/ctov/worldgen/structure/large/village_taiga_fortified.json,added,,79dbaec2177671368e790b81cb3dfc8dfc41c01eb92f0697d5253f17ea3472e9
release_030/overrides/config/paxi/datapacks/ao_compatibility/data/ctov/worldgen/structure/medium/village_christmas.json,added,,a9aeafab095d8eef51c7203bc0b8ffaf9437622de7b559831c666835edd309b1
release_030/overrides/config/paxi/datapacks/ao_compatibility/data/ctov/worldgen/structure/medium/village_dark_forest.json,added,,8d3d95935a5a3f2506ff84e329de3c6ea93ea24677530c9f556d55258f500fb1
release_030/overrides/config/paxi/datapacks/ao_compatibility/data/ctov/worldgen/structure/medium/village_plains.json,added,,668ccf2e220761068203a675b63177f38a2eacbe734827b44ae1da679c72ef8a
release_030/overrides/config/paxi/datapacks/ao_compatibility/data/ctov/worldgen/structure/medium/village_plains_fortified.json,added,,9ca8ef43f7a9eb68563159efb57d4aa40e9375e2252fe2f6cf6c80c99ab267bf
release_030/overrides/config/paxi/datapacks/ao_compatibility/data/ctov/worldgen/structure/medium/village_snowy_igloo.json,added,,635206164a2c3a6f5fa16073e9389c63b0dfc532748c4a5f6ad7e2d5f2a24910
release_030/overrides/config/paxi/datapacks/ao_compatibility/data/ctov/worldgen/structure/medium/village_swamp.json,added,,97f40d3244602adf2898cff99e7fcbd7b721248226c612c63f1778792a80cd5a
release_030/overrides/config/paxi/datapacks/ao_compatibility/data/ctov/worldgen/structure/medium/village_swamp_fortified.json,added,,c91f36475c927cb6cd1a97fd10ec0d020e805e3c8ce81f6053e2a8913f651498
release_030/overrides/config/paxi/datapacks/ao_compatibility/data/ctov/worldgen/structure/medium/village_taiga.json,added,,1198961db96d46b777d4ea8c7d16b0c1ffbae635d5bf3c6a05d63013a846a8f6
release_030/overrides/config/paxi/datapacks/ao_compatibility/data/ctov/worldgen/structure/medium/village_taiga_fortified.json,added,,015a3f6a79bfba2fb3aa782f5a18062cb99ba75c6ef5ab67be875aa70fdf314d
release_030/overrides/config/paxi/datapacks/ao_compatibility/data/ctov/worldgen/structure/pillager_outpost_dark_forest.json,added,,26cad6177fb9c5428701693e6149fedfcffd08748c092d096da8253b4d1bb198
release_030/overrides/config/paxi/datapacks/ao_compatibility/data/ctov/worldgen/structure/pillager_outpost_plains.json,added,,de41f942794f204eacb31a84da4f5f245f8058be5e8a90de14be4efb3832b27d
release_030/overrides/config/paxi/datapacks/ao_compatibility/data/ctov/worldgen/structure/pillager_outpost_snowy.json,added,,92ea2f96eb9b2f6186e10aa33864e765786ac3a380225cd4f3f36b7974bd69ff
release_030/overrides/config/paxi/datapacks/ao_compatibility/data/ctov/worldgen/structure/pillager_outpost_swamp.json,added,,66099f1d63a56868ece75855880c2eca9c9edf11c71c92857e4f84f0a238d8ec
release_030/overrides/config/paxi/datapacks/ao_compatibility/data/ctov/worldgen/structure/pillager_outpost_taiga.json,added,,b4bde5c0eb320fc45bd2f2db5cb0c1749cdd5af6e5f5b28fc6be950a1253f4fd
release_030/overrides/config/paxi/datapacks/ao_compatibility/data/ctov/worldgen/structure/small/village_christmas.json,added,,9db0e1885edec86b6b87c3fc8a3729a46d83ac05388531c6c5babdc61ccfb1c6
release_030/overrides/config/paxi/datapacks/ao_compatibility/data/ctov/worldgen/structure/small/village_dark_forest.json,added,,bbaced7d2aab0133d36221bec18b461cadc0f93c90b27d331ba158607237b2a4
release_030/overrides/config/paxi/datapacks/ao_compatibility/data/ctov/worldgen/structure/small/village_plains.json,added,,a25bc3be8a92757cb6751682884f520cf34c28c429ffe2c6c3a31a37a62b7763
release_030/overrides/config/paxi/datapacks/ao_compatibility/data/ctov/worldgen/structure/small/village_plains_fortified.json,added,,6e92279343aa41842f666bd00f5b2d281ce8c6bd7bb2a9cdf2bc3a0e7489d299
release_030/overrides/config/paxi/datapacks/ao_compatibility/data/ctov/worldgen/structure/small/village_snowy_igloo.json,added,,3735dbd846ae369c1293caba08befb56550ee7c9328f6e6b7139f6b4e0efe112
release_030/overrides/config/paxi/datapacks/ao_compatibility/data/ctov/worldgen/structure/small/village_swamp.json,added,,636441490848e8164dd5dd204114e3f050539738816c298b3bb125293f6ddef7
release_030/overrides/config/paxi/datapacks/ao_compatibility/data/ctov/worldgen/structure/small/village_swamp_fortified.json,added,,86a97f153ba32a304b38c049df53c589c341645e4af9f892511e1839002d5ec5
release_030/overrides/config/paxi/datapacks/ao_compatibility/data/ctov/worldgen/structure/small/village_taiga.json,added,,27755132894518c3a4f248aa41d775ed749168b2413888d9d0491b0ec78eb768
release_030/overrides/config/paxi/datapacks/ao_compatibility/data/ctov/worldgen/structure/small/village_taiga_fortified.json,added,,ec0fd3052beba2a46d1d39d54a459ed79d7520dfe147165355403296a4845a56
release_030/overrides/config/paxi/datapacks/ao_structure_density/data/farmers_structures/worldgen/structure_set/aethers_with_all.json,added,,eb5ab96148a53f2829564a07540bb864cafc1c894ce1e16d49b8e95dadaf05dc
release_030/overrides/config/paxi/datapacks/ao_structure_density/data/farmers_structures/worldgen/structure_set/afterdark_farms_with_all.json,added,,ffea36dc30c112e88ec5777c738df56736a8201c75eac1d365a06f18469796be
release_030/overrides/config/paxi/datapacks/ao_structure_density/data/farmers_structures/worldgen/structure_set/aquacultures_beach_with_all.json,added,,2552a40611b068876d4e332844f84d33a0f69542b2cfa2ee11252fad87827136
release_030/overrides/config/paxi/datapacks/ao_structure_density/data/farmers_structures/worldgen/structure_set/aquacultures_cod_with_all.json,added,,093f0b78b72f17ba84f8a5769e5c8530bafc723764ca38a11659c838b78c6a7c
release_030/overrides/config/paxi/datapacks/ao_structure_density/data/farmers_structures/worldgen/structure_set/aquacultures_common_with_all.json,added,,ff207aae83f9348d35dcf13b78f98aaa8aa741ab92d8ec5c98395cdeff5cb62c
release_030/overrides/config/paxi/datapacks/ao_structure_density/data/farmers_structures/worldgen/structure_set/cacaos_with_all.json,added,,37815910f028f2d121b0a9ff781ed477b08e5585b4e8bca7da7867db688a7550
release_030/overrides/config/paxi/datapacks/ao_structure_density/data/farmers_structures/worldgen/structure_set/cooks_moss_with_all.json,added,,57070bf7e2fb2567560fec26731a6be104a2550f8f562e5f2f24c6821bb96e66
release_030/overrides/config/paxi/datapacks/ao_structure_density/data/farmers_structures/worldgen/structure_set/cooks_nether_1_with_all.json,added,,49428f83e5dbaa67760a85223db206ac8403def3cec0b2fe71bb1e9be32e4a2a
release_030/overrides/config/paxi/datapacks/ao_structure_density/data/farmers_structures/worldgen/structure_set/cooks_nether_2_with_all.json,added,,e9ed0c9f066f6eded203f19185f0f250aa8aeb6c18b4feff05b26f3530f2cb84
release_030/overrides/config/paxi/datapacks/ao_structure_density/data/farmers_structures/worldgen/structure_set/cooks_with_all.json,added,,531a194f89e6a1b94f0f43bef8e5b5c353d7dc1b6e73baba88aca18e50711f13
release_030/overrides/config/paxi/datapacks/ao_structure_density/data/farmers_structures/worldgen/structure_set/deeper_farms_with_all.json,added,,e41e5cd93144f0e98e11f1e867d6107bdc6891a97095a72449bcd8271514fd43
release_030/overrides/config/paxi/datapacks/ao_structure_density/data/farmers_structures/worldgen/structure_set/fishs_stew_with_all.json,added,,c46f0799a1d1483e71552ea77bd12c7846f2454cf5f859f2c567819f019ff13f
release_030/overrides/config/paxi/datapacks/ao_structure_density/data/farmers_structures/worldgen/structure_set/flesh_farms_with_all.json,added,,8c4dca740912fdb656775946bc6f47b4753d92cd75b863ad58e5700fa03f06b0
release_030/overrides/config/paxi/datapacks/ao_structure_density/data/farmers_structures/worldgen/structure_set/honey_cake_farms_with_all.json,added,,8ea1886aec15b046c43bb2f9b26b39a65ce23575a04fcafbebb69424528f3f1f
release_030/overrides/config/paxi/datapacks/ao_structure_density/data/farmers_structures/worldgen/structure_set/ratatouilles_with_all.json,added,,2b64e73316e8949a4b457d2df2fb6289e5d16b1b2de4f47727cb88861f791264
release_030/overrides/config/paxi/datapacks/ao_structure_density/data/farmers_structures/worldgen/structure_set/shepherd_farms_with_all.json,added,,662095bc5aa238de229b72cc9ab1102b4f9fb3afca024d03ccf72e7b116d15f6
release_030/overrides/config/paxi/datapacks/ao_structure_density/data/farmers_structures/worldgen/structure_set/squids_with_all.json,added,,0a603c0149d5ac38bd970847ed2a07b6fa9c50ab44686a5b86d57ed7f8a6e6a9
release_030/overrides/config/paxi/datapacks/ao_structure_density/data/farmers_structures/worldgen/structure_set/sushus_with_all.json,added,,a7add91bc34b6b6e3dd2b536338a1274403a405982383a622c721db808b6e8a8
release_030/overrides/config/paxi/datapacks/ao_structure_density/data/farmers_structures/worldgen/structure_set/undergardens_sea_with_all.json,added,,52a4879d8a4f3262a7a9e0f605cfb9fd45d2c492b16d1925329aa94cd9562453
release_030/overrides/config/paxi/datapacks/ao_structure_density/data/farmers_structures/worldgen/structure_set/undergardens_with_all.json,added,,3f9a62c0b0e91e9d26d70fc27b352c453cb09958469f3e296e9008aac5e94a41
release_030/overrides/config/paxi/datapacks/ao_structure_repairs/data/cataclysm_spellbooks/loot_modifiers/archaeology/cursed_pyramid_prison_modifier.json,added,,ea28f76ad4626391a8cb05d2bc34e392df567109fd42f4a31c87762e1d285e74
release_030/overrides/config/paxi/datapacks/ao_structure_repairs/data/cataclysm_spellbooks/recipe/engineers_power_glove.json,added,,e2b6f645d54ffffafb285064408e70ec66e438d4576f277336978161dee9a373
release_030/overrides/config/paxi/datapacks/ao_structure_repairs/data/cataclysm_spellbooks/recipe/excel_upgrade_cooldown.json,added,,6af740e7863ba8eed1c333f62887f1f1c9281288a2b8905860c0d9ebc3e275e3
release_030/overrides/config/paxi/datapacks/ao_structure_repairs/data/cataclysm_spellbooks/recipe/excel_upgrade_mana.json,added,,cfcddc63260be5c04569957bdc8e1299fe0f62f7c87b8dc38512017062301890
release_030/overrides/config/paxi/datapacks/ao_structure_repairs/data/cataclysm_spellbooks/recipe/excel_upgrade_resistence.json,added,,2c5d98c9feb86a7c354a1e69c8831df6c9043ef2f75dd3aa7dda851bbfd26d41
release_030/overrides/config/paxi/datapacks/ao_structure_repairs/data/cataclysm_spellbooks/recipe/mechanical_brace.json,added,,4c49d0093a1d45bd7189f5f031c02d50850c337451580e387accf5e4a3c98302
release_030/overrides/config/paxi/datapacks/ao_structure_repairs/data/cataclysm_spellbooks/recipe/murasama.json,added,,f231da9f84ca7e305400039e25bbd45c71d2d854b9f7c741e95ba3e2f6729c77
release_030/overrides/config/paxi/datapacks/ao_structure_repairs/data/cataclysm_spellbooks/recipe/the_berserker_upgrade.json,added,,b772d498672818f4ad3dee000cf018e73931082ae7afc684db1d4bb4d8217101
release_030/overrides/config/paxi/datapacks/ao_structure_repairs/data/cataclysm_spellbooks/recipe/the_combuster_upgrade.json,added,,f5a6475f35f3c313b4b2261c04f5bd816849e83275b40578f2cc3adf7fabb31c
release_030/overrides/config/paxi/datapacks/ao_structure_repairs/data/cataclysm_spellbooks/recipe/the_nightstalker_upgrade.json,added,,29b774fd16f2c6189e9ee81f563b3b9b3e97f1d1c27a31dd5cb886b1e0e16375
release_030/overrides/config/paxi/datapacks/ao_structure_repairs/data/cataclysm_spellbooks/recipe/the_ordeal_upgrade.json,added,,5ea1a027c7aa043d85205421e0c80f99da7a7b25631ddff9c92718c4d627be44
release_030/overrides/config/paxi/datapacks/ao_structure_repairs/data/cataclysm_spellbooks/recipe/the_subjugator_upgrade.json,added,,f140ef76684e6dcb41866b0abd926ad99bca71d6b6ebc701b60363c68ea159de
release_030/overrides/config/paxi/datapacks/ao_structure_repairs/data/ctov/structure/village/waystone/sand.nbt,added,,e5d44c3d9b476d0bf16165bca77414bccb353c3bcb048e13f8c723327ecd2af8
release_030/overrides/config/paxi/datapacks/ao_structure_repairs/data/ctov/worldgen/template_pool/pillager_outpost/mountain/towers.json,added,,e63135d42bfda7d8e897c8530b1f1507c86960f5b65d01fcf94f2e1569c6407d
release_030/overrides/config/paxi/datapacks/ao_structure_repairs/data/ctov/worldgen/template_pool/village/common/waystone/sand.json,added,,7c59ed84c902b8d6cda119c95dce543c22c6e15c739062bc0c175e26af64b46f
release_030/overrides/config/paxi/datapacks/ao_structure_repairs/data/ctov/worldgen/template_pool/village/waystone/sand.json,added,,2d6fc20fbbcd7b21b5b40006f7b82aec3285c47ea19db3daae96eaf8bb0b55af
release_030/overrides/config/paxi/datapacks/ao_structure_repairs/data/minecraft/worldgen/template_pool/illager_mansion/illager_mansion_room_basement.json,added,,1cde7a9efdd8c910f2cdda4d7642bf30f1fe370d166be8be17a589d773a7adb1
release_030/overrides/config/paxi/datapacks/ao_structure_repairs/data/traveloptics/tags/entity_type/aerial_collapse_dr.json,added,,17756ff00a8ee69acc472410284d102928ca85563423d34537b2af390135c238
release_030/overrides/config/paxi/datapacks/ao_structure_repairs/data/traveloptics/tags/entity_type/element_fire.json,added,,fd6292c69b6f51ed12d8b29e05d1bef4233afc54b663d7a2dde7f39fcb7acca2
release_030/overrides/config/paxi/datapacks/ao_structure_repairs/data/traveloptics/tags/entity_type/spectral_blink_blacklist.json,added,,ac37c964c7cd79d100ba100d18d27e6bc70caf659b996cfe1c90a04b05a52d76
release_030/overrides/config/paxi/datapacks/ao_structure_repairs/data/traveloptics/tags/entity_type/spectral_shift_blacklist.json,added,,9d5ff3b4e00748fd32a82ae87db66c65de1c5a75e79466ebc5a8cb14135273d2
release_030/overrides/config/paxi/resourcepacks/ao_resource_repairs/assets/traveloptics/models/displaysettings/abyssal_tidecaller_display.json,added,,7e1bccae39fb3fb117c4a7c500f43513655f10ef768c4867a60d106f50eab5ad
release_030/overrides/config/paxi/resourcepacks/ao_resource_repairs/assets/traveloptics/models/displaysettings/infernal_devastator_display.json,added,,66e355de71dab9dcaf62261c840535770635e3b657dadf5f3151093de106b6ad
release_030/overrides/config/paxi/resourcepacks/ao_resource_repairs/assets/traveloptics/models/displaysettings/mechanized_wraithblade_display.json,added,,dfd18bbb2c6985122d8806aab40b7ba5c45ba75e0212a5370416c38a5fe77fa4
release_030/overrides/config/paxi/resourcepacks/ao_resource_repairs/assets/traveloptics/models/displaysettings/scourge_of_the_sands_display.json,added,,15d74ed6d5d93328b5b3852b1f9265522f8395fdb3f9b375dcc87820cfa1a36b
release_030/overrides/config/paxi/resourcepacks/ao_resource_repairs/assets/traveloptics/models/displaysettings/thorns_of_oblivion_display.json,added,,15d74ed6d5d93328b5b3852b1f9265522f8395fdb3f9b375dcc87820cfa1a36b
release_030/overrides/config/paxi/resourcepacks/ao_resource_repairs/assets/traveloptics/models/displaysettings/titanlords_scepter_display.json,added,,c4e8aa52d6a52918fde1b989af83ae474ed4bc5704b2b01608096ddf55642951
release_030/overrides/config/paxi/resourcepacks/ao_resource_repairs/assets/traveloptics/models/item/guide_to_watery_whispers.json,added,,623d689e55e91f4f831bee5872c153ff549ae20a9055603881502d6393b6a66e
release_030/overrides/config/paxi/resourcepacks/ao_resource_repairs/assets/traveloptics/models/item/harbingers_wrath.json,added,,df3f0efc1deab564443c929dfae190ad04fbb9af2cf870f3770fae91042104e3
release_030/overrides/config/paxi/resourcepacks/ao_resource_repairs/assets/traveloptics/models/item/harbingers_wrath_level_one.json,added,,df3f0efc1deab564443c929dfae190ad04fbb9af2cf870f3770fae91042104e3
release_030/overrides/config/paxi/resourcepacks/ao_resource_repairs/assets/traveloptics/models/item/harbingers_wrath_level_three.json,added,,df3f0efc1deab564443c929dfae190ad04fbb9af2cf870f3770fae91042104e3
release_030/overrides/config/paxi/resourcepacks/ao_resource_repairs/assets/traveloptics/models/item/harbingers_wrath_level_two.json,added,,df3f0efc1deab564443c929dfae190ad04fbb9af2cf870f3770fae91042104e3
release_030/overrides/config/paxi/resourcepacks/ao_resource_repairs/assets/traveloptics/models/item/infernal_devastator.json,added,,0601e297d90ac01c85bdc9eda342cbc92ce101726c39a0fafa27e4f6f0706215
release_030/overrides/config/paxi/resourcepacks/ao_resource_repairs/assets/traveloptics/models/item/infernal_devastator_level_one.json,added,,0601e297d90ac01c85bdc9eda342cbc92ce101726c39a0fafa27e4f6f0706215
release_030/overrides/config/paxi/resourcepacks/ao_resource_repairs/assets/traveloptics/models/item/infernal_devastator_level_three.json,added,,0601e297d90ac01c85bdc9eda342cbc92ce101726c39a0fafa27e4f6f0706215
release_030/overrides/config/paxi/resourcepacks/ao_resource_repairs/assets/traveloptics/models/item/infernal_devastator_level_two.json,added,,0601e297d90ac01c85bdc9eda342cbc92ce101726c39a0fafa27e4f6f0706215
release_030/overrides/config/paxi/resourcepacks/ao_resource_repairs/assets/traveloptics/models/item/mechanized_wraithblade.json,added,,395bd13d88fc74f139718501bfbcf25307426174f4c8b8c1981d171c85d38f5b
release_030/overrides/config/paxi/resourcepacks/ao_resource_repairs/assets/traveloptics/models/item/scourge_of_the_sands.json,added,,ab892a43eaf809865c3cef7dacb352daee9bd02b0e0595821d5c7ee226e62c7d
release_030/overrides/config/paxi/resourcepacks/ao_resource_repairs/assets/traveloptics/models/item/scourge_of_the_sands_level_one.json,added,,ab892a43eaf809865c3cef7dacb352daee9bd02b0e0595821d5c7ee226e62c7d
release_030/overrides/config/paxi/resourcepacks/ao_resource_repairs/assets/traveloptics/models/item/scourge_of_the_sands_level_three.json,added,,ab892a43eaf809865c3cef7dacb352daee9bd02b0e0595821d5c7ee226e62c7d
release_030/overrides/config/paxi/resourcepacks/ao_resource_repairs/assets/traveloptics/models/item/scourge_of_the_sands_level_two.json,added,,ab892a43eaf809865c3cef7dacb352daee9bd02b0e0595821d5c7ee226e62c7d
release_030/overrides/config/paxi/resourcepacks/ao_resource_repairs/assets/traveloptics/models/item/the_obliterator.json,added,,c5393583691a5058fb3f9e2526ec509ed57d814d9fa925a07566d96c874534ae
release_030/overrides/config/paxi/resourcepacks/ao_resource_repairs/assets/traveloptics/models/item/the_obliterator_level_one.json,added,,c5393583691a5058fb3f9e2526ec509ed57d814d9fa925a07566d96c874534ae
release_030/overrides/config/paxi/resourcepacks/ao_resource_repairs/assets/traveloptics/models/item/the_obliterator_level_three.json,added,,c5393583691a5058fb3f9e2526ec509ed57d814d9fa925a07566d96c874534ae
release_030/overrides/config/paxi/resourcepacks/ao_resource_repairs/assets/traveloptics/models/item/the_obliterator_level_two.json,added,,c5393583691a5058fb3f9e2526ec509ed57d814d9fa925a07566d96c874534ae
release_030/overrides/config/paxi/resourcepacks/ao_resource_repairs/assets/traveloptics/models/item/thorns_of_oblivion.json,added,,94f1b7d9ef55dcd3d6661a844560215206614d2e2f7018cf552aabe94459baf3
release_030/overrides/config/paxi/resourcepacks/ao_resource_repairs/assets/traveloptics/models/item/thorns_of_oblivion_level_one.json,added,,94f1b7d9ef55dcd3d6661a844560215206614d2e2f7018cf552aabe94459baf3
release_030/overrides/config/paxi/resourcepacks/ao_resource_repairs/assets/traveloptics/models/item/thorns_of_oblivion_level_three.json,added,,94f1b7d9ef55dcd3d6661a844560215206614d2e2f7018cf552aabe94459baf3
release_030/overrides/config/paxi/resourcepacks/ao_resource_repairs/assets/traveloptics/models/item/thorns_of_oblivion_level_two.json,added,,94f1b7d9ef55dcd3d6661a844560215206614d2e2f7018cf552aabe94459baf3
release_030/overrides/config/paxi/resourcepacks/ao_resource_repairs/assets/traveloptics/models/item/voidstrike_reaper.json,added,,27bf6abbccbe9078654abeb03ca943f8f7af440a77205e57ff809070c89e084c
release_030/overrides/config/paxi/resourcepacks/ao_resource_repairs/assets/traveloptics/models/item/voidstrike_reaper_level_one.json,added,,27bf6abbccbe9078654abeb03ca943f8f7af440a77205e57ff809070c89e084c
release_030/overrides/config/paxi/resourcepacks/ao_resource_repairs/assets/traveloptics/models/item/voidstrike_reaper_level_three.json,added,,27bf6abbccbe9078654abeb03ca943f8f7af440a77205e57ff809070c89e084c
release_030/overrides/config/paxi/resourcepacks/ao_resource_repairs/assets/traveloptics/models/item/voidstrike_reaper_level_two.json,added,,27bf6abbccbe9078654abeb03ca943f8f7af440a77205e57ff809070c89e084c
release_030/overrides/config/paxi/resourcepacks/ao_resource_repairs/assets/traveloptics/models/item/weapon/cursed_wraithblade_model.json,added,,86aa67cd1243b5911d39d0fdffc6b51ae4ac19e3f7ca216e32261f533b86f4c0
release_030/overrides/config/paxi/resourcepacks/ao_resource_repairs/pack.mcmeta,added,,c868f055ac780e0449d02f1d3219b3f988b34b1d474a22f0eabfe92e63a5d342
release_030/release-lock.json,modified,bce5a8aa65777deac8d4d529de8c749061d885b3553bdb0a70f388af014f78a8,2e3123b87dbb00fbfd7e1dd8580633091b2a9ea72e7cbfaa0c37c430c5991801
release_030/structure-compatibility.json,modified,a3a8c2fed5b888104f310e417257a94ce44e2f965358200947edb2ee199a237d,3dde4e4cc84d87c01c412755ec230a66d4b55815ba4e93bff9e5fb5fb1c52e66
release_030/structure-density.json,modified,c3a49c453bde2ea072667116c2ce46076e4b2f82d0441407362aa5f62b764d53,f483bbcd41b17efa86d1a72c93c9f94a112168bcd7e61ddd700049dd17caba3a
release_030/structure-repairs.json,modified,93f99ed633fe53e7604e50063c64def9d5c7bd948c78719f5e302f544b1505a7,7be2811a9c9f82725def6f688fe9b30c2bddf83f18095cdb00c2416f7094b61d
report_continuation_031.py,added,,bc2e7e00861f1b60ccaef74aeca760b977ef349e3430a3deadf424c30d9d98b1
validate_continuation_031.py,added,,79c7ab14149c84d6d8bf28997fc45089f9ccb4dcfb00f0a699256a21b3645755
validate_structure_test5.py,modified,29f12628b788650cf8d4b938d6fc46016395f472c235ca33aae38d81c6d661ad,fa31fd2e048390eff937b7925098d2dc8000c6d5a7852eb1d586c1a95b08605f
write_mod_screening_031.py,added,,b2604c4a19d03fcca5be8024ef5167c83531fe4ad33f123f7230777e4e30d05e
write_structure_audit.py,modified,992c14078eee7b529bddc20508ea6ddea3e8b66a2d1037cdac5bec907efb9b32,81cadc9fbfb9654bb72a8f1359b915c7b0583b261e4699077da6f027e545b1d6
