mod_name,quest_priority,questlog_assignment,ftb_education_assignment,initial_quest_min,initial_quest_max,chapter_track,concrete_quest_seed,beginner_balance_and_version_warning,evidence,inventory_type,raw_sources,verification_status
Alex's Caves,A,Major Questlog campaign,Extensive for mechanics,14,38,Six cave-biome expeditions,Find cave maps; explore biome types; study creatures; face major cave threats,No mandatory locate luck for rare cave types,Test5 resource audit,audited,alexscaves-2.0.3.jar,Historical runtime/audit evidence; confirm against current pack
Apotheosis,A,Major Questlog campaign,Extensive for mechanics,14,38,Equipment-tier transformation,Discover affixes; socket gems; improve equipment; fight enchanted mobs,FTB owns in-depth explanations; prevent runaway gear,Test5 resource audit,audited,Apotheosis-1.21.1-8.9.0.jar,Historical runtime/audit evidence; confirm against current pack
Ars Nouveau,A,Major Questlog campaign,Extensive for mechanics,14,38,Arcane apprenticeship,Craft book; unlock glyphs; perform rituals; forge magical equipment,FTB handles technical glyph crafting,Test5 resource audit,audited,ars_nouveau-1.21.1-5.13.3.jar,Historical runtime/audit evidence; confirm against current pack
Bosses of Mass Destruction,A,Major Questlog campaign,Extensive for mechanics,14,38,Legendary boss expedition,Discover major boss arenas and defeat the guardians,Check exact names/registry,Test5 resource audit; Test8.2/8.3 source addition or repin,audited; locked,BOMD-NeoForge-1.21-1.3.3.jar; v1.0.0 ~ IBOMD 1.21.1,Pinned/repinned in active source; live functionality still to test
End Remastered,A,Major Questlog campaign,Extensive for mechanics,14,38,The Eyes of the End,Find diverse eye sources; open portal; confront Ender Dragon,Avoid requiring all eyes if mod permits choice,Test5 client-log uninspected JAR,historical,endrem-neoforge-1.21.1-6.3.0.jar,Historical runtime/audit evidence; confirm against current pack
Enigmatic Legacy Plus,A,Major Questlog campaign,Extensive for mechanics,14,38,Two independent optional relic mysteries,Discover enigmatic items; opt into standard relic path or Ring of the Seven Curses,"Cursed ring is player-choice only, never a mainline obligation",Test5 resource audit,audited,enigmaticlegacyplus-1.21.1-1.1.2.jar,Historical runtime/audit evidence; confirm against current pack
Eternal Starlight,A,Major Questlog campaign,Extensive for mechanics,14,38,Starlight dimension campaign,Enter realm; collect resources; explore major structures; challenge its bosses,Check exact available bosses,Test5 resource audit,audited,eternal_starlight_delight-neoforge-1.4.0.jar; eternalstarlight-0.9.1+1.21.1+neoforge.jar,Historical runtime/audit evidence; confirm against current pack
Ice and Fire: CE,A,Major Questlog campaign,Extensive for mechanics,14,38,Dragon-hunter campaign,Learn dragons; visit roost; prepare gear; find caves; optional egg/gear milestones,Dragon fight difficulty and biome spawn must be tested,Test5 resource audit,audited,iceandfire-2.1.3.jar,Historical runtime/audit evidence; confirm against current pack
Iron's Spells 'n Spellbooks,A,Major Questlog campaign,Extensive for mechanics,14,38,Wizard progression,Craft first book; learn spell schools; discover magical locations; challenge spell bosses,FTB detailed spell reference,Test5 resource audit,audited,irons_spellbooks-1.21.1-3.16.3.jar,Historical runtime/audit evidence; confirm against current pack
L_Ender's Cataclysm,A,Major Questlog campaign,Extensive for mechanics,14,38,High-tier boss-hunter campaign,Discover arenas; assess threat; defeat bosses; use unique rewards,Match AO boss tier and do not force strongest fights early,Test5 resource audit,audited,L_Ender's Cataclysm 1.21.1-3.33.jar; reliquified_lenders_cataclysm-1.21.1-0.1.1.jar,Historical runtime/audit evidence; confirm against current pack
Mowzie's Mobs,A,Major Questlog campaign,Extensive for mechanics,14,38,Mythical creatures and guardians,Find iconic mobs and their lairs; challenge major bosses,Combat and worldgen checks,Test5 resource audit; Test8.2/8.3 source addition or repin,audited; locked,mowziesmobs-1.21.1-1.8.2.jar; v1.3.2 ~ IMM 1.21.1,Pinned/repinned in active source; live functionality still to test
NeoPasterDream,A,Major Questlog campaign,Extensive for mechanics,14,38,Dream realms and dreamseeker campaign,Enter Dreamscape; collect field notes; discover available realms; learn weapon workshop; attempt Arankos,Version 0.9.6: current project overview may include later unfinished features,Test5 resource audit,audited,pasterdream-0.9.6.jar,Historical runtime/audit evidence; confirm against current pack
The Aether,A,Major Questlog campaign,Extensive for mechanics,14,38,Sky-realm campaign,Reach Aether; discover dungeons; conquer themed bosses and collect rewards,Port and progression gates need check,Test5 resource audit; Test5 client-log uninspected JAR,audited; historical,AetherVillages-1.21.1-1.0.8-neoforge.jar; aether-1.21.1-1.5.10-neoforge.jar; explore_ruins_aether-1.0.0-neoforge-1.21.1.jar; deep_aether-1.21.1-1.1.5.1.jar,Historical runtime/audit evidence; confirm against current pack
The Undergarden,A,Major Questlog campaign,Extensive for mechanics,14,38,Underground realm expedition,Enter realm; acquire survival materials; find special structures; defeat flagship encounters,Confirm real progression and keys,Test5 client-log uninspected JAR,historical,The_Undergarden-1.21.1-0.9.6.jar,Historical runtime/audit evidence; confirm against current pack
Twilight Forest,A,Major Questlog campaign,Extensive for mechanics,14,38,Twilight boss ladder,Portal; forest exploration; find sequential bosses; reach culminating encounters,Verify current edition's boss gates,Test5 client-log uninspected JAR,historical,twilightforest-1.21.1-4.8.3345-universal.jar,Historical runtime/audit evidence; confirm against current pack
[Neoforge]ctov 3.6.3,B,Substantial optional Questlog arc,Selective guide pages,6,19,Potential RPG exploration content,Audit actual content before objectives,Validate relevant registry and source-version data,Test5 resource audit,audited,[Neoforge]ctov-3.6.3.jar,Historical runtime/audit evidence; confirm against current pack
aces spell utils 1.2.7.3,B,Substantial optional Questlog arc,Selective guide pages,6,19,Potential RPG exploration content,Audit actual content before objectives,Validate relevant registry and source-version data,Test5 resource audit,audited,aces_spell_utils-1.2.7.3-1.21.1.jar,Historical runtime/audit evidence; confirm against current pack
Adventure Dungeons,B,Substantial optional Questlog arc,Selective guide pages,6,19,Ruins and dungeon anthology,Discover and complete representative dungeon variants,Check registry,Test5 resource audit,audited,adventuredungeons-neoforge-1.21-1.3.1.jar,Historical runtime/audit evidence; confirm against current pack
Ambient Odyssey TO Magic Registry Fix 1.0.0,B,Substantial optional Questlog arc,Selective guide pages,6,19,Potential RPG exploration content,Audit actual content before objectives,Validate relevant registry and source-version data,Test5 resource audit,audited,Ambient-Odyssey-TO-Magic-Registry-Fix-1.0.0.jar,Historical runtime/audit evidence; confirm against current pack
appleskin neoforge mc1.21 3.0.9,B,Substantial optional Questlog arc,Selective guide pages,6,19,Potential RPG exploration content,Audit actual content before objectives,Validate relevant registry and source-version data,Test5 resource audit,audited,appleskin-neoforge-mc1.21-3.0.9.jar,Historical runtime/audit evidence; confirm against current pack
Aquamirae,B,Substantial optional Questlog arc,Selective guide pages,6,19,Frozen ocean adventure,Ice Maze; pirates; ship graveyard; Eel and Mother of Maze; Captain Cornelia,Proposed encounter tier 2–5 from AO atlas,Test8.2/8.3 source addition or repin,locked,Aquamirae 7.2.10; Fragmentum 5.2.0 (Aquamirae required),Pinned/repinned in active source; live functionality still to test
Artifacts,B,Substantial optional Questlog arc,Selective guide pages,6,19,Accessory build-crafting,Discover 2 viable combat accessories and experiment with builds,Link Tier2 baseline and Curios slot limits,Test5 resource audit,audited,artifacts-neoforge-13.2.5.jar,Historical runtime/audit evidence; confirm against current pack
Astrological,B,Substantial optional Questlog arc,Selective guide pages,6,19,Celestial discoveries,Locate its major magic content and encounters,Entity mechanics need audit,Test5 resource audit,audited,astrological-1.21.1-1.7.1.jar,Historical runtime/audit evidence; confirm against current pack
benssharks 1.2.6 neoforge,B,Substantial optional Questlog arc,Selective guide pages,6,19,Potential RPG exploration content,Audit actual content before objectives,Validate relevant registry and source-version data,Test5 resource audit,audited,benssharks-1.2.6-neoforge-1.21.1.jar,Historical runtime/audit evidence; confirm against current pack
Better End: New Dawn,B,Substantial optional Questlog arc,Selective guide pages,6,19,End biome survey,Explore novel End biomes; find rare materials and landmarks,Check effective port and biome registry,Test5 resource audit,audited,BetterEnd-21.0.35.jar; biggerbetterendcities-1.21.1-1.0.0.jar; YungsBetterEndIsland-1.21.1-NeoForge-3.1.2.jar,Historical runtime/audit evidence; confirm against current pack
bettercombat neoforge 2.4.0+1.21.1,B,Substantial optional Questlog arc,Selective guide pages,6,19,Potential RPG exploration content,Audit actual content before objectives,Validate relevant registry and source-version data,Test5 resource audit,audited,bettercombat-neoforge-2.4.0+1.21.1.jar,Historical runtime/audit evidence; confirm against current pack
Block Factory's Bosses,B,Substantial optional Questlog arc,Selective guide pages,6,19,Standalone bosses,Discover a significant encounter and defeat its boss,Check equivalence to Bosses Rise,Test5 resource audit,audited,block_factorys_bosses-2.1.2-neo-1.21.1.jar,Historical runtime/audit evidence; confirm against current pack
Brutal Bosses,B,Substantial optional Questlog arc,Selective guide pages,6,19,Elite monster hunter,Recognize elite variants; conquer optional elites,Avoid generic grinding,Test5 resource audit,audited,brutalbosses-1.21.1-8.6.jar,Historical runtime/audit evidence; confirm against current pack
Cataclysm Spellbooks,B,Substantial optional Questlog arc,Selective guide pages,6,19,Boss spell rewards,Find spells and forge improved boss-linked tools,Patch broken recipes and validate,Test5 resource audit,audited,cataclysm_spellbooks-1.1.14-1.21.jar,Historical runtime/audit evidence; confirm against current pack
cosmeticarmorreworked 1.21.1,B,Substantial optional Questlog arc,Selective guide pages,6,19,Potential RPG exploration content,Audit actual content before objectives,Validate relevant registry and source-version data,Test5 client-log uninspected JAR,historical,cosmeticarmorreworked-1.21.1-v1-neoforge.jar,Historical runtime/audit evidence; confirm against current pack
Cult of Azazel,B,Substantial optional Questlog arc,Selective guide pages,6,19,Occult encounters,Find occult rituals/enemies; conquer a challenge,Registry unknown,Test5 client-log uninspected JAR,historical,cultofazazelneoforge-1.1.4.12.jar,Historical runtime/audit evidence; confirm against current pack
curios neoforge 9.5.1+1.21.1,B,Substantial optional Questlog arc,Selective guide pages,6,19,Potential RPG exploration content,Audit actual content before objectives,Validate relevant registry and source-version data,Test5 resource audit,audited,curios-neoforge-9.5.1+1.21.1.jar,Historical runtime/audit evidence; confirm against current pack
Deeper and Darker,B,Substantial optional Questlog arc,Selective guide pages,6,19,Deep dark/Other Side,Locate access; enter dimension; survive unique biomes and discover ruins,Optional dimension,Test5 client-log uninspected JAR,historical,deeperdarker-neoforge-1.21.1-1.4.1.jar,Historical runtime/audit evidence; confirm against current pack
Demi's Sky Arena,B,Substantial optional Questlog arc,Selective guide pages,6,19,Sky arena challenger,Discover/summon arena; prepare; finish challenge,Confirm access and tier,Test5 resource audit,audited,SkyArena-1.3.6-1.21.1.jar,Historical runtime/audit evidence; confirm against current pack
dummmmmmy 1.21 2.1.2,B,Substantial optional Questlog arc,Selective guide pages,6,19,Potential RPG exploration content,Audit actual content before objectives,Validate relevant registry and source-version data,Test5 client-log uninspected JAR,historical,dummmmmmy-1.21-2.1.2-neoforge.jar,Historical runtime/audit evidence; confirm against current pack
Dungeon Crawl,B,Substantial optional Questlog arc,Selective guide pages,6,19,Underground dungeon challenge,Discover labyrinth and reach meaningful depth,Don't assert boss existence,Test5 resource audit,audited,DungeonCrawl-NeoForge-1.21-2.3.17.jar,Historical runtime/audit evidence; confirm against current pack
enchdesc neoforge 1.21.1 21.1.11,B,Substantial optional Questlog arc,Selective guide pages,6,19,Potential RPG exploration content,Audit actual content before objectives,Validate relevant registry and source-version data,Test5 client-log uninspected JAR,historical,enchdesc-neoforge-1.21.1-21.1.11.jar,Historical runtime/audit evidence; confirm against current pack
enhancedbossbars 1.0.0,B,Substantial optional Questlog arc,Selective guide pages,6,19,Potential RPG exploration content,Audit actual content before objectives,Validate relevant registry and source-version data,Test5 resource audit,audited,enhancedbossbars-1.0.0.jar,Historical runtime/audit evidence; confirm against current pack
FD Bosses,B,Substantial optional Questlog arc,Selective guide pages,6,19,Optional boss roster,Find or summon bosses; collect unique spoils,Inspect actual boss registry,Test5 resource audit,audited,fdbosses-3.2-1.21.1.jar,Historical runtime/audit evidence; confirm against current pack
Forbidden & Arcanus,B,Substantial optional Questlog arc,Selective guide pages,6,19,Forbidden arcana,Acquire arcane resources; access special systems and gear,Detailed crafting FTB,Test5 resource audit,audited,forbidden_arcanus-2.6.1.jar,Historical runtime/audit evidence; confirm against current pack
friendsandfoes neoforge 4.0.27+mc1.21.1,B,Substantial optional Questlog arc,Selective guide pages,6,19,Potential RPG exploration content,Audit actual content before objectives,Validate relevant registry and source-version data,Test5 resource audit,audited,friendsandfoes-neoforge-4.0.27+mc1.21.1.jar,Historical runtime/audit evidence; confirm against current pack
ftb chunks neoforge 2101.1.22,B,Substantial optional Questlog arc,Selective guide pages,6,19,Potential RPG exploration content,Audit actual content before objectives,Validate relevant registry and source-version data,Test5 resource audit,audited,ftb-chunks-neoforge-2101.1.22.jar,Historical runtime/audit evidence; confirm against current pack
ftb teams neoforge 2101.1.11,B,Substantial optional Questlog arc,Selective guide pages,6,19,Potential RPG exploration content,Audit actual content before objectives,Validate relevant registry and source-version data,Test5 resource audit,audited,ftb-teams-neoforge-2101.1.11.jar,Historical runtime/audit evidence; confirm against current pack
ftb ultimine neoforge 2101.1.15,B,Substantial optional Questlog arc,Selective guide pages,6,19,Potential RPG exploration content,Audit actual content before objectives,Validate relevant registry and source-version data,Test5 resource audit,audited,ftb-ultimine-neoforge-2101.1.15.jar,Historical runtime/audit evidence; confirm against current pack
Gateways to Eternity,B,Substantial optional Questlog arc,Selective guide pages,6,19,Wave-defense challenges,Obtain gateway; survive waves; claim challenge spoils,"Optional challenge, server scaling",Test5 resource audit,audited,GatewaysToEternity-1.21.1-5.1.0.jar,Historical runtime/audit evidence; confirm against current pack
Hominid,B,Substantial optional Questlog arc,Selective guide pages,6,19,Hominid field research,Encounter and document its creatures,Don't force killing passive mobs,Test5 resource audit,audited,hominid-1.3.4.jar,Historical runtime/audit evidence; confirm against current pack
Incendium,B,Substantial optional Questlog arc,Selective guide pages,6,19,Nether discoveries,Locate distinctive Nether biomes/structures; survive hazard encounter,Mostly explorer chapter; avoid RNG wall,Test5 resource audit,audited,Incendium_1.21.x_v5.4.4.jar,Historical runtime/audit evidence; confirm against current pack
Integrated Dungeons & Structures,B,Substantial optional Questlog arc,Selective guide pages,6,19,Integrated expedition atlas,"Discover substantial dungeons, boss towers and camps",Avoid duplicate provider overlap,Test5 resource audit,audited,idas-1.13.7+1.21.1-neoforge.jar,Historical runtime/audit evidence; confirm against current pack
Integrated Stronghold,B,Substantial optional Questlog arc,Selective guide pages,6,19,End gateway expedition,Navigate stronghold and reach portal room,Single stronghold owner,Test5 resource audit,audited,integrated_stronghold-1.1.4+1.21.1-neoforge.jar,Historical runtime/audit evidence; confirm against current pack
Iron's Gems 'n Jewelry,B,Substantial optional Questlog arc,Selective guide pages,6,19,Gem crafting,Make first jewelry item; specialize gear,Avoid duplicated gear tutorials,Test8.2/8.3 source addition or repin,locked,Iron's Gems 'n Jewelry 2.0.2 (NeoForge 1.21.1; user runtime load),Pinned/repinned in active source; live functionality still to test
jauml neoforge 1.21.1 2.3.1,B,Substantial optional Questlog arc,Selective guide pages,6,19,Potential RPG exploration content,Audit actual content before objectives,Validate relevant registry and source-version data,Test5 resource audit,audited,jauml-neoforge-1.21.1-2.3.1.jar,Historical runtime/audit evidence; confirm against current pack
jei 1.21.1 neoforge 19.57.0.451,B,Substantial optional Questlog arc,Selective guide pages,6,19,Potential RPG exploration content,Audit actual content before objectives,Validate relevant registry and source-version data,Test5 resource audit,audited,jei-1.21.1-neoforge-19.57.0.451.jar,Historical runtime/audit evidence; confirm against current pack
lootr neoforge 1.21.1 1.11.38.127,B,Substantial optional Questlog arc,Selective guide pages,6,19,Potential RPG exploration content,Audit actual content before objectives,Validate relevant registry and source-version data,Test5 resource audit,audited,lootr-neoforge-1.21.1-1.11.38.127.jar,Historical runtime/audit evidence; confirm against current pack
Luki's Ancient Cities,B,Substantial optional Questlog arc,Selective guide pages,6,19,Deep Dark ancient city,Explore deep ruins and uncover loot,No unavoidable Warden challenges,Test5 resource audit,audited,lukis-ancient-cities-v1.2.jar,Historical runtime/audit evidence; confirm against current pack
MobLassos,B,Substantial optional Questlog arc,Selective guide pages,6,19,Potential RPG exploration content,Audit actual content before objectives,Validate relevant registry and source-version data,Test5 resource audit,audited,MobLassos-v21.1.1-1.21.1-NeoForge.jar,Historical runtime/audit evidence; confirm against current pack
Opposing Force,B,Substantial optional Questlog arc,Selective guide pages,6,19,Threat encounters,Identify dangerous creatures and optional minibosses,Assess entity list,Test5 resource audit,audited,Opposing-Force-1.21.1-3.0.0-beta6.jar,Historical runtime/audit evidence; confirm against current pack
paxi,B,Substantial optional Questlog arc,Selective guide pages,6,19,Potential RPG exploration content,Audit actual content before objectives,Validate relevant registry and source-version data,Test8.2/8.3 source addition or repin,locked,[1.21.1] Paxi v5.1.3 (NeoForge),Pinned/repinned in active source; live functionality still to test
Paxi 1.21.1 NeoForge 5.1.3,B,Substantial optional Questlog arc,Selective guide pages,6,19,Potential RPG exploration content,Audit actual content before objectives,Validate relevant registry and source-version data,Test5 resource audit,audited,Paxi-1.21.1-NeoForge-5.1.3.jar,Historical runtime/audit evidence; confirm against current pack
Relics,B,Substantial optional Questlog arc,Selective guide pages,6,19,Relic attunement,"Discover, learn and level a Relic",Do not force collecting entire roster,Test5 resource audit,audited,morerelics-1.7.7-1.21.1.jar; relics-1.21.1-0.10.7.8.jar,Historical runtime/audit evidence; confirm against current pack
Remnant Bosses,B,Substantial optional Questlog arc,Selective guide pages,6,19,Remnant bosses,Discover boss summoning; defeat chosen elite opponents,Verify entity/boss config names,Test5 resource audit,audited,remnant_bosses-neoforge-1.21.1-2.6.1.jar,Historical runtime/audit evidence; confirm against current pack
Simply More,B,Substantial optional Questlog arc,Selective guide pages,6,19,Specialized weapon collection,Investigate distinctive swords and upgrade recipes,Matterbane source patch,Test5 resource audit,audited,simplymore-forge-1.3.0_alpha.jar,Historical runtime/audit evidence; confirm against current pack
Simply Swords,B,Substantial optional Questlog arc,Selective guide pages,6,19,Martial weapons,Unlock weapon styles; try rare and runic weapons,Keep multiple weapon routes viable,Test5 resource audit,audited,simplyswords-neoforge-1.70.2-1.21.1.jar,Historical runtime/audit evidence; confirm against current pack
SimplyTooltips neoforge 0.1.5,B,Substantial optional Questlog arc,Selective guide pages,6,19,Potential RPG exploration content,Audit actual content before objectives,Validate relevant registry and source-version data,Test5 resource audit,audited,SimplyTooltips-neoforge-0.1.5.jar,Historical runtime/audit evidence; confirm against current pack
softimprints neoforge 1.21.1 2.8.0,B,Substantial optional Questlog arc,Selective guide pages,6,19,Potential RPG exploration content,Audit actual content before objectives,Validate relevant registry and source-version data,Test5 resource audit,audited,softimprints-neoforge-1.21.1-2.8.0.jar,Historical runtime/audit evidence; confirm against current pack
strongerfireboss 2.0.0,B,Substantial optional Questlog arc,Selective guide pages,6,19,Potential RPG exploration content,Audit actual content before objectives,Validate relevant registry and source-version data,Test5 resource audit,audited,strongerfireboss-2.0.0.jar,Historical runtime/audit evidence; confirm against current pack
t and t fabric neoforge 1.13.11,B,Substantial optional Questlog arc,Selective guide pages,6,19,Potential RPG exploration content,Audit actual content before objectives,Validate relevant registry and source-version data,Test5 resource audit,audited,t_and_t-fabric-neoforge-1.13.11.jar,Historical runtime/audit evidence; confirm against current pack
The Bumblezone,B,Substantial optional Questlog arc,Selective guide pages,6,19,Bee-world investigation,Find access; study ecology; navigate dungeons; optional encounters,Nonviolent alternatives if feasible,Test5 client-log uninspected JAR,historical,the_bumblezone-7.16.1+1.21.1-neoforge.jar,Historical runtime/audit evidence; confirm against current pack
The Graveyard,B,Substantial optional Questlog arc,Selective guide pages,6,19,Crypt explorations,Discover cemetery/crypt; overcome hauntings,Check 1.21.1 port,Test5 resource audit,audited,graveyard-2.6.2 NeoForge 1.21.1.jar,Historical runtime/audit evidence; confirm against current pack
the roads more travelled,B,Substantial optional Questlog arc,Selective guide pages,6,19,Potential RPG exploration content,Audit actual content before objectives,Validate relevant registry and source-version data,Test8.2/8.3 source addition or repin,locked,trmt-0.5.1-1.21.1-neoforge.jar,Pinned/repinned in active source; live functionality still to test
tombstone neoforge 1.21.1 9.5.6,B,Substantial optional Questlog arc,Selective guide pages,6,19,Potential RPG exploration content,Audit actual content before objectives,Validate relevant registry and source-version data,Test5 client-log uninspected JAR,historical,tombstone-neoforge-1.21.1-9.5.6.jar,Historical runtime/audit evidence; confirm against current pack
totw modded neoforge 1.21 1.0.9,B,Substantial optional Questlog arc,Selective guide pages,6,19,Potential RPG exploration content,Audit actual content before objectives,Validate relevant registry and source-version data,Test5 resource audit,audited,totw_modded-neoforge-1.21-1.0.9.jar,Historical runtime/audit evidence; confirm against current pack
transmog neoforge 1.6.0+1.21.1,B,Substantial optional Questlog arc,Selective guide pages,6,19,Potential RPG exploration content,Audit actual content before objectives,Validate relevant registry and source-version data,Test5 client-log uninspected JAR,historical,transmog-neoforge-1.6.0+1.21.1.jar,Historical runtime/audit evidence; confirm against current pack
Traveloptics,B,Substantial optional Questlog arc,Selective guide pages,6,19,Cataclysm spell-weapon upgrades,Unlock boss-linked spells; use upgrades; complete weapon mastery,Source-backed item/model repair checks,Test5 resource audit,audited,traveloptics-4.4.0.1-1.21.1.jar,Historical runtime/audit evidence; confirm against current pack
trmt 0.5.1 1.21.1,B,Substantial optional Questlog arc,Selective guide pages,6,19,Potential RPG exploration content,Audit actual content before objectives,Validate relevant registry and source-version data,Test5 client-log uninspected JAR,historical,trmt-0.5.1-1.21.1-neoforge.jar,Historical runtime/audit evidence; confirm against current pack
underwater village 1.0.2 neoforge,B,Substantial optional Questlog arc,Selective guide pages,6,19,Potential RPG exploration content,Audit actual content before objectives,Validate relevant registry and source-version data,Test5 resource audit,audited,underwater_village-1.0.2-neoforge-1.21.1.jar,Historical runtime/audit evidence; confirm against current pack
uranus 2.4.1 bugfix 1.21.1,B,Substantial optional Questlog arc,Selective guide pages,6,19,Potential RPG exploration content,Audit actual content before objectives,Validate relevant registry and source-version data,Test5 client-log uninspected JAR,historical,uranus-2.4.1-bugfix-1.21.1-neoforge.jar,Historical runtime/audit evidence; confirm against current pack
voicechat neoforge 1.21.1 2.6.22,B,Substantial optional Questlog arc,Selective guide pages,6,19,Potential RPG exploration content,Audit actual content before objectives,Validate relevant registry and source-version data,Test5 client-log uninspected JAR,historical,voicechat-neoforge-1.21.1-2.6.22.jar,Historical runtime/audit evidence; confirm against current pack
When Dungeons Arise,B,Substantial optional Questlog arc,Selective guide pages,6,19,Dungeon expedition atlas,Discover curated large sites; beat threats; recover rewards,Avoid every minor variant,Test5 resource audit,audited,DungeonsArise-1.21.1-2.1.68-release.jar; DungeonsAriseSevenSeas-1.21.x-1.0.4-neoforge.jar,Historical runtime/audit evidence; confirm against current pack
yungs better witch huts,B,Substantial optional Questlog arc,Selective guide pages,6,19,Potential RPG exploration content,Audit actual content before objectives,Validate relevant registry and source-version data,Test8.2/8.3 source addition or repin,locked,[1.21.1] YUNG's Better Witch Huts v4.1.1 (NeoForge),Pinned/repinned in active source; live functionality still to test
YungsBetterWitchHuts 1.21.1 NeoForge 4.1.1,B,Substantial optional Questlog arc,Selective guide pages,6,19,Potential RPG exploration content,Audit actual content before objectives,Validate relevant registry and source-version data,Test5 resource audit,audited,YungsBetterWitchHuts-1.21.1-NeoForge-4.1.1.jar,Historical runtime/audit evidence; confirm against current pack
additional structures,C,Compact Questlog sidequest,Short optional primer,1,6,Compact optional sidequest,Discover a notable feature,Validate relevant registry and source-version data,Test8.2/8.3 source addition or repin,locked,Additional Structures AdditionalStructures-1.21-(v.6.3.2-NEO).jar,Pinned/repinned in active source; live functionality still to test
amendments,C,Compact Questlog sidequest,Short optional primer,1,6,Compact optional sidequest,Discover a notable feature,Validate relevant registry and source-version data,Test8.2/8.3 source addition or repin,locked,amendments-1.21-2.1.10-neoforge,Pinned/repinned in active source; live functionality still to test
amendments 1.21 2.1.10,C,Compact Questlog sidequest,Short optional primer,1,6,Compact optional sidequest,Discover a notable feature,Validate relevant registry and source-version data,Test5 resource audit,audited,amendments-1.21-2.1.10-neoforge.jar,Historical runtime/audit evidence; confirm against current pack
antique trading ship,C,Compact Questlog sidequest,Short optional primer,1,6,Compact optional sidequest,Discover a notable feature,Validate relevant registry and source-version data,Test8.2/8.3 source addition or repin,locked,antiquetradingship-1.4.0-neoforge-1.21.1.jar,Pinned/repinned in active source; live functionality still to test
antiquetradingship 1.4.0 neoforge,C,Compact Questlog sidequest,Short optional primer,1,6,Compact optional sidequest,Discover a notable feature,Validate relevant registry and source-version data,Test5 resource audit,audited,antiquetradingship-1.4.0-neoforge-1.21.1.jar,Historical runtime/audit evidence; confirm against current pack
Aquaculture 2,C,Compact Questlog sidequest,Short optional primer,1,6,Fishing sidequest,Catch unique fish; obtain upgraded equipment,Optional life skills,Test5 resource audit,audited,Aquaculture-1.21.1-2.7.21.jar,Historical runtime/audit evidence; confirm against current pack
archaeology ruins 1.0.0 neoforge,C,Compact Questlog sidequest,Short optional primer,1,6,Compact optional sidequest,Discover a notable feature,Validate relevant registry and source-version data,Test5 resource audit,audited,archaeology_ruins-1.0.0-neoforge-1.21.1.jar,Historical runtime/audit evidence; confirm against current pack
archaion,C,Compact Questlog sidequest,Short optional primer,1,6,Compact optional sidequest,Discover a notable feature,Validate relevant registry and source-version data,Test8.2/8.3 source addition or repin,locked,Archaion archaion-1.21.1-1.4.4.jar,Pinned/repinned in active source; live functionality still to test
better shipwrecks,C,Compact Questlog sidequest,Short optional primer,1,6,Compact optional sidequest,Discover a notable feature,Validate relevant registry and source-version data,Test8.2/8.3 source addition or repin,locked,Better Shipwrecks 1.0.3,Pinned/repinned in active source; live functionality still to test
Bountiful,C,Compact Questlog sidequest,Short optional primer,1,6,Bounty board sidequests,Complete a chosen low-stakes bounty,Don't introduce guild system,Test5 resource audit,audited,bountiful-neoforge-8.0.0-beta.2.jar,Historical runtime/audit evidence; confirm against current pack
cataclysmfortresses 1.21.1,C,Compact Questlog sidequest,Short optional primer,1,6,Compact optional sidequest,Discover a notable feature,Validate relevant registry and source-version data,Test5 resource audit,audited,cataclysmfortresses-1.21.1-NeoForge.jar,Historical runtime/audit evidence; confirm against current pack
comforts neoforge 9.0.5+1.21.1,C,Compact Questlog sidequest,Short optional primer,1,6,Compact optional sidequest,Discover a notable feature,Validate relevant registry and source-version data,Test5 client-log uninspected JAR,historical,comforts-neoforge-9.0.5+1.21.1.jar,Historical runtime/audit evidence; confirm against current pack
cookscollection 0.6.1,C,Compact Questlog sidequest,Short optional primer,1,6,Compact optional sidequest,Discover a notable feature,Validate relevant registry and source-version data,Test5 client-log uninspected JAR,historical,cookscollection-0.6.1.jar,Historical runtime/audit evidence; confirm against current pack
corn delight 1.2.10,C,Compact Questlog sidequest,Short optional primer,1,6,Compact optional sidequest,Discover a notable feature,Validate relevant registry and source-version data,Test5 client-log uninspected JAR,historical,corn_delight-1.2.10-1.21.1.jar,Historical runtime/audit evidence; confirm against current pack
Create,C,Compact Questlog sidequest,Short optional primer,1,6,Engineer sidequest,"Discover power source, build first mechanism",FTB technical reference only otherwise,Test5 resource audit; Test5 client-log uninspected JAR; Test8.2/8.3 source addition or repin,audited; historical; locked,sophisticatedbackpackscreateintegration-1.21.1-0.2.2.188.jar; sophisticatedstoragecreateintegration-1.21.1-0.1.21.209.jar; create_rustic_structures-1.0.1-neoforge-1.21.1.jar; CreateOPlenty-NeoForge-Create+6.0.7-3.0.jar; create-1.21.1-6.0.10.jar; Create: Structures Arise Create-Structures-Arise-1.21.1-NeoForge-176.49.49.jar; Create: Easy Structures create_easy_structures-0.2a-neoforge-1.21.1.jar,Pinned/repinned in active source; live functionality still to test
culturaldelights 1.21.1 0.18.1,C,Compact Questlog sidequest,Short optional primer,1,6,Compact optional sidequest,Discover a notable feature,Validate relevant registry and source-version data,Test5 client-log uninspected JAR,historical,culturaldelights-1.21.1-0.18.1.jar,Historical runtime/audit evidence; confirm against current pack
Custom Nether Portals Neoforge MC 1.21.1 3.0.0,C,Compact Questlog sidequest,Short optional primer,1,6,Compact optional sidequest,Discover a notable feature,Validate relevant registry and source-version data,Test5 client-log uninspected JAR,historical,Custom Nether Portals - Neoforge - MC 1.21.1- 3.0.0.jar,Historical runtime/audit evidence; confirm against current pack
dungeons and taverns,C,Compact Questlog sidequest,Short optional primer,1,6,Compact optional sidequest,Discover a notable feature,Validate relevant registry and source-version data,Test5 resource audit,audited,dungeons-and-taverns-v4.4.4 [NeoForge].jar,Historical runtime/audit evidence; confirm against current pack
echoes of the end structures NeoForge Fabric 1.21.1 12.00.13,C,Compact Questlog sidequest,Short optional primer,1,6,Compact optional sidequest,Discover a notable feature,Validate relevant registry and source-version data,Test5 resource audit,audited,echoes_of_the_end__structures NeoForge Fabric 1.21.1 -12.00.13.jar,Historical runtime/audit evidence; confirm against current pack
embers floating islands,C,Compact Questlog sidequest,Short optional primer,1,6,Compact optional sidequest,Discover a notable feature,Validate relevant registry and source-version data,Test8.2/8.3 source addition or repin,locked,floating_islands-1.5.3-1.21.1-neoforge.jar,Pinned/repinned in active source; live functionality still to test
end villager outpost 1.0.0 neoforge,C,Compact Questlog sidequest,Short optional primer,1,6,Compact optional sidequest,Discover a notable feature,Validate relevant registry and source-version data,Test5 resource audit,audited,end_villager_outpost-1.0.0-neoforge-1.21.1.jar,Historical runtime/audit evidence; confirm against current pack
explorify,C,Compact Questlog sidequest,Short optional primer,1,6,Compact optional sidequest,Discover a notable feature,Validate relevant registry and source-version data,Test8.2/8.3 source addition or repin,locked,Explorify Explorify v1.6.5.mod.jar,Pinned/repinned in active source; live functionality still to test
Farmer's Delight,C,Compact Questlog sidequest,Short optional primer,1,6,Cooking for expeditions,Prepare travel meal,No mandatory cooking tier,Test5 resource audit,audited,FarmersDelight-1.21.1-1.3.4.jar,Historical runtime/audit evidence; confirm against current pack
FarmersStructures 1.0.6 1.21.1,C,Compact Questlog sidequest,Short optional primer,1,6,Compact optional sidequest,Discover a notable feature,Validate relevant registry and source-version data,Test5 resource audit,audited,FarmersStructures-1.0.6-1.21.1_neoforge.jar,Historical runtime/audit evidence; confirm against current pack
floating islands 1.5.3 1.21.1,C,Compact Questlog sidequest,Short optional primer,1,6,Compact optional sidequest,Discover a notable feature,Validate relevant registry and source-version data,Test5 resource audit,audited,floating_islands-1.5.3-1.21.1-neoforge.jar,Historical runtime/audit evidence; confirm against current pack
formations 1.0.4 neoforge mc1.21,C,Compact Questlog sidequest,Short optional primer,1,6,Compact optional sidequest,Discover a notable feature,Validate relevant registry and source-version data,Test5 resource audit,audited,formations-1.0.4-neoforge-mc1.21.jar,Historical runtime/audit evidence; confirm against current pack
formationsoverworld 1.0.5c mc1.21+,C,Compact Questlog sidequest,Short optional primer,1,6,Compact optional sidequest,Discover a notable feature,Validate relevant registry and source-version data,Test5 resource audit,audited,formationsoverworld-1.0.5c-mc1.21+.jar,Historical runtime/audit evidence; confirm against current pack
FungiDelight 1.21.1 1.3,C,Compact Questlog sidequest,Short optional primer,1,6,Compact optional sidequest,Discover a notable feature,Validate relevant registry and source-version data,Test5 resource audit,audited,FungiDelight-1.21.1-1.3.jar,Historical runtime/audit evidence; confirm against current pack
goblintraders neoforge 1.21.1 1.11.2,C,Compact Questlog sidequest,Short optional primer,1,6,Compact optional sidequest,Discover a notable feature,Validate relevant registry and source-version data,Test5 resource audit,audited,goblintraders-neoforge-1.21.1-1.11.2.jar,Historical runtime/audit evidence; confirm against current pack
illagerwarship 1.0.1 neoforge,C,Compact Questlog sidequest,Short optional primer,1,6,Compact optional sidequest,Discover a notable feature,Validate relevant registry and source-version data,Test5 resource audit,audited,illagerwarship-1.0.1-neoforge-1.21.1.jar,Historical runtime/audit evidence; confirm against current pack
large meals 1.21.1 1.0.1,C,Compact Questlog sidequest,Short optional primer,1,6,Compact optional sidequest,Discover a notable feature,Validate relevant registry and source-version data,Test5 resource audit,audited,large_meals-1.21.1-1.0.1.jar,Historical runtime/audit evidence; confirm against current pack
MoogsEndStructures universal 1.21 2.1.1,C,Compact Questlog sidequest,Short optional primer,1,6,Compact optional sidequest,Discover a notable feature,Validate relevant registry and source-version data,Test5 resource audit,audited,MoogsEndStructures-universal-1.21-2.1.1.jar,Historical runtime/audit evidence; confirm against current pack
MoogsNetherStructures universal 1.21 3.1.1,C,Compact Questlog sidequest,Short optional primer,1,6,Compact optional sidequest,Discover a notable feature,Validate relevant registry and source-version data,Test5 resource audit,audited,MoogsNetherStructures-universal-1.21-3.1.1.jar,Historical runtime/audit evidence; confirm against current pack
MoogsSoaringStructures universal 1.21 2.2.0,C,Compact Questlog sidequest,Short optional primer,1,6,Compact optional sidequest,Discover a notable feature,Validate relevant registry and source-version data,Test5 resource audit,audited,MoogsSoaringStructures-universal-1.21-2.2.0.jar,Historical runtime/audit evidence; confirm against current pack
MoogsTemplesReimagined universal 1.21 2.0.4,C,Compact Questlog sidequest,Short optional primer,1,6,Compact optional sidequest,Discover a notable feature,Validate relevant registry and source-version data,Test5 resource audit,audited,MoogsTemplesReimagined-universal-1.21-2.0.4.jar,Historical runtime/audit evidence; confirm against current pack
MoogsVoyagerStructures universal 1.21 5.1.3,C,Compact Questlog sidequest,Short optional primer,1,6,Compact optional sidequest,Discover a notable feature,Validate relevant registry and source-version data,Test5 resource audit,audited,MoogsVoyagerStructures-universal-1.21-5.1.3.jar,Historical runtime/audit evidence; confirm against current pack
moredelight 26.05.20a 1.21,C,Compact Questlog sidequest,Short optional primer,1,6,Compact optional sidequest,Discover a notable feature,Validate relevant registry and source-version data,Test5 resource audit,audited,moredelight-26.05.20a-1.21-neoforge.jar,Historical runtime/audit evidence; confirm against current pack
mtr moogs temples reimagined,C,Compact Questlog sidequest,Short optional primer,1,6,Compact optional sidequest,Discover a notable feature,Validate relevant registry and source-version data,Test8.2/8.3 source addition or repin,locked,Moog's Temples Reimagined 2.0.4-1.21+ [UNIVERSAL],Pinned/repinned in active source; live functionality still to test
natures compass,C,Compact Questlog sidequest,Short optional primer,1,6,Compact optional sidequest,Discover a notable feature,Validate relevant registry and source-version data,Test8.2/8.3 source addition or repin,locked,NaturesCompass-1.21.1-3.4.0-neoforge.jar,Pinned/repinned in active source; live functionality still to test
NaturesCompass 1.21.1 3.4.0,C,Compact Questlog sidequest,Short optional primer,1,6,Compact optional sidequest,Discover a notable feature,Validate relevant registry and source-version data,Test5 resource audit,audited,NaturesCompass-1.21.1-3.4.0-neoforge.jar,Historical runtime/audit evidence; confirm against current pack
Philips Ruins1.21.1 2.0,C,Compact Questlog sidequest,Short optional primer,1,6,Compact optional sidequest,Discover a notable feature,Validate relevant registry and source-version data,Test5 resource audit,audited,Philips-Ruins1.21.1-2.0-NeoForge.jar,Historical runtime/audit evidence; confirm against current pack
Quark 4.1 487,C,Compact Questlog sidequest,Short optional primer,1,6,Compact optional sidequest,Discover a notable feature,Validate relevant registry and source-version data,Test5 resource audit,audited,Quark-4.1-487.jar,Historical runtime/audit evidence; confirm against current pack
repurposed structures 7.5.22+1.21.1,C,Compact Questlog sidequest,Short optional primer,1,6,Compact optional sidequest,Discover a notable feature,Validate relevant registry and source-version data,Test5 resource audit,audited,repurposed_structures-7.5.22+1.21.1-neoforge.jar,Historical runtime/audit evidence; confirm against current pack
rusticdelight neoforge 1.21 1.7.1,C,Compact Questlog sidequest,Short optional primer,1,6,Compact optional sidequest,Discover a notable feature,Validate relevant registry and source-version data,Test5 resource audit,audited,rusticdelight-neoforge-1.21-1.7.1.jar,Historical runtime/audit evidence; confirm against current pack
sky whale ship neoforge,C,Compact Questlog sidequest,Short optional primer,1,6,Compact optional sidequest,Discover a notable feature,Validate relevant registry and source-version data,Test5 resource audit,audited,sky_whale_ship-neoforge-1.21.1.jar,Historical runtime/audit evidence; confirm against current pack
SkyVillages 1.0.6 1.21.x neoforge release,C,Compact Questlog sidequest,Short optional primer,1,6,Compact optional sidequest,Discover a notable feature,Validate relevant registry and source-version data,Test5 resource audit,audited,SkyVillages-1.0.6-1.21.x-neoforge-release.jar,Historical runtime/audit evidence; confirm against current pack
small ships,C,Compact Questlog sidequest,Short optional primer,1,6,Compact optional sidequest,Discover a notable feature,Validate relevant registry and source-version data,Test8.2/8.3 source addition or repin,locked,Small Ships 2.0.0-b2.1,Pinned/repinned in active source; live functionality still to test
Sophisticated Backpacks,C,Compact Questlog sidequest,Short optional primer,1,6,Field storage,"Craft backpack, find upgrade and store loot",FTB upgrade handbook,Test5 resource audit,audited,sophisticatedbackpacks-1.21.1-3.26.8.2189.jar,Historical runtime/audit evidence; confirm against current pack
sophisticatedstorage 1.21.1 1.6.2.2154,C,Compact Questlog sidequest,Short optional primer,1,6,Compact optional sidequest,Discover a notable feature,Validate relevant registry and source-version data,Test5 resource audit,audited,sophisticatedstorage-1.21.1-1.6.2.2154.jar,Historical runtime/audit evidence; confirm against current pack
Structory 26.2,C,Compact Questlog sidequest,Short optional primer,1,6,Compact optional sidequest,Discover a notable feature,Validate relevant registry and source-version data,Test5 resource audit,audited,Structory_26.2_v1.3.7.jar,Historical runtime/audit evidence; confirm against current pack
structory towers,C,Compact Questlog sidequest,Short optional primer,1,6,Compact optional sidequest,Discover a notable feature,Validate relevant registry and source-version data,Test8.2/8.3 source addition or repin,locked,Structory: Towers v1.0.14 ~ Mod,Pinned/repinned in active source; live functionality still to test
supplementaries 1.21.1 3.9.9,C,Compact Questlog sidequest,Short optional primer,1,6,Compact optional sidequest,Discover a notable feature,Validate relevant registry and source-version data,Test5 resource audit,audited,supplementaries-1.21.1-3.9.9-neoforge.jar,Historical runtime/audit evidence; confirm against current pack
toms storage 1.21 2.4.2,C,Compact Questlog sidequest,Short optional primer,1,6,Compact optional sidequest,Discover a notable feature,Validate relevant registry and source-version data,Test5 client-log uninspected JAR,historical,toms_storage-1.21-2.4.2.jar,Historical runtime/audit evidence; confirm against current pack
Waystones,C,Compact Questlog sidequest,Short optional primer,1,6,Early travel,Find/activate waypoint and learn return travel,FTB explanation,Test5 resource audit,audited,waystones-neoforge-1.21.1-21.1.46.jar,Historical runtime/audit evidence; confirm against current pack
xaerominimap neoforge 1.21.1 26.6.0,C,Compact Questlog sidequest,Short optional primer,1,6,Compact optional sidequest,Discover a notable feature,Validate relevant registry and source-version data,Test5 client-log uninspected JAR,historical,xaerominimap-neoforge-1.21.1-26.6.0.jar,Historical runtime/audit evidence; confirm against current pack
YUNG's Better Mineshafts,C,Compact Questlog sidequest,Short optional primer,1,6,Mineshaft sidequest,Enter improved mineshaft and recover treasure,Single combined cave chapter,Test5 resource audit; Test8.2/8.3 source addition or repin,audited; locked,YungsBetterMineshafts-1.21.1-NeoForge-5.1.1.jar; [1.21.1] YUNG's Better Mineshafts v5.1.1 (NeoForge),Pinned/repinned in active source; live functionality still to test
yungs bridges,C,Compact Questlog sidequest,Short optional primer,1,6,Compact optional sidequest,Discover a notable feature,Validate relevant registry and source-version data,Test8.2/8.3 source addition or repin,locked,YUNG's Bridges YungsBridges-1.21.1-NeoForge-5.1.1.jar,Pinned/repinned in active source; live functionality still to test
yungs extras,C,Compact Questlog sidequest,Short optional primer,1,6,Compact optional sidequest,Discover a notable feature,Validate relevant registry and source-version data,Test8.2/8.3 source addition or repin,locked,YUNG's Extras YungsExtras-1.21.1-NeoForge-5.1.1.jar,Pinned/repinned in active source; live functionality still to test
YungsBetterNetherFortresses 1.21.1 NeoForge 3.1.5,C,Compact Questlog sidequest,Short optional primer,1,6,Compact optional sidequest,Discover a notable feature,Validate relevant registry and source-version data,Test5 resource audit,audited,YungsBetterNetherFortresses-1.21.1-NeoForge-3.1.5.jar,Historical runtime/audit evidence; confirm against current pack
Better Inventory & Backpacks,D,FTB education focus,Education-only lessons,0,2,UI onboarding,Show inventory interface basics,FTB small guide,Test8.2/8.3 source addition or repin,locked,Better Inventory And Backpacks 1.3.2 (NeoForge 1.21.1),Pinned/repinned in active source; live functionality still to test
FTB Quests,D,FTB education focus,Education-only lessons,0,2,Education/reference hub,"Use quest book for JEI, complex mod guides and upgrade explanations",Do not duplicate Questlog rewards,Test5 resource audit,audited,ftb-quests-neoforge-2101.1.36.jar,Historical runtime/audit evidence; confirm against current pack
BiomesOPlenty neoforge 1.21.1 21.1.0.14,E,Grouped biome/region discovery,Atlas glossary,0,4,Cross-mod exploration journal,Visit notable biome or landmark,Validate relevant registry and source-version data,Test5 resource audit,audited,BiomesOPlenty-neoforge-1.21.1-21.1.0.14.jar,Historical runtime/audit evidence; confirm against current pack
deeper oceans,E,Grouped biome/region discovery,Atlas glossary,0,4,Cross-mod exploration journal,Visit notable biome or landmark,Validate relevant registry and source-version data,Test8.2/8.3 source addition or repin,locked,Deeper Oceans 2.0.1 21.1,Pinned/repinned in active source; live functionality still to test
meteor shower 0.0.5,E,Grouped biome/region discovery,Atlas glossary,0,4,Cross-mod exploration journal,Visit notable biome or landmark,Validate relevant registry and source-version data,Test5 resource audit,audited,meteor_shower-0.0.5.jar,Historical runtime/audit evidence; confirm against current pack
natures spirit,E,Grouped biome/region discovery,Atlas glossary,0,4,Cross-mod exploration journal,Visit notable biome or landmark,Validate relevant registry and source-version data,Test8.2/8.3 source addition or repin,locked,Nature's Spirit (Neoforge) 2.2.5-1.21.1,Pinned/repinned in active source; live functionality still to test
natures spirit 2.2.5,E,Grouped biome/region discovery,Atlas glossary,0,4,Cross-mod exploration journal,Visit notable biome or landmark,Validate relevant registry and source-version data,Test5 resource audit,audited,natures_spirit-2.2.5-1.21.1.jar,Historical runtime/audit evidence; confirm against current pack
oceans delight,E,Grouped biome/region discovery,Atlas glossary,0,4,Cross-mod exploration journal,Visit notable biome or landmark,Validate relevant registry and source-version data,Test8.2/8.3 source addition or repin,locked,Ocean's Delight 1.0.4,Pinned/repinned in active source; live functionality still to test
oh the biomes weve gone,E,Grouped biome/region discovery,Atlas glossary,0,4,Cross-mod exploration journal,Visit notable biome or landmark,Validate relevant registry and source-version data,Test8.2/8.3 source addition or repin,locked,Oh-The-Biomes-Weve-Gone-NeoForge-2.6.2,Pinned/repinned in active source; live functionality still to test
Oh The Biomes Weve Gone NeoForge 2.6.2,E,Grouped biome/region discovery,Atlas glossary,0,4,Cross-mod exploration journal,Visit notable biome or landmark,Validate relevant registry and source-version data,Test5 resource audit,audited,Oh-The-Biomes-Weve-Gone-NeoForge-2.6.2.jar,Historical runtime/audit evidence; confirm against current pack
Oh The Trees Youll Grow neoforge 1.21.1 5.3.4,E,Grouped biome/region discovery,Atlas glossary,0,4,Cross-mod exploration journal,Visit notable biome or landmark,Validate relevant registry and source-version data,Test5 resource audit,audited,Oh-The-Trees-Youll-Grow-neoforge-1.21.1-5.3.4.jar,Historical runtime/audit evidence; confirm against current pack
particular 1.21.1 NeoForge 1.5.7,E,Grouped biome/region discovery,Atlas glossary,0,4,Cross-mod exploration journal,Visit notable biome or landmark,Validate relevant registry and source-version data,Test5 resource audit,audited,particular-1.21.1-NeoForge-1.5.7.jar,Historical runtime/audit evidence; confirm against current pack
regions unexplored 0.6.2 neoforge,E,Grouped biome/region discovery,Atlas glossary,0,4,Cross-mod exploration journal,Visit notable biome or landmark,Validate relevant registry and source-version data,Test5 resource audit,audited,regions-unexplored-0.6.2-neoforge-21.1.jar,Historical runtime/audit evidence; confirm against current pack
streams reflowing,E,Grouped biome/region discovery,Atlas glossary,0,4,Cross-mod exploration journal,Visit notable biome or landmark,Validate relevant registry and source-version data,Test8.2/8.3 source addition or repin,locked,StreamsReflowing-1.21.1-neoforge-2.14.4.jar,Pinned/repinned in active source; live functionality still to test
StreamsReflowing 1.21.1 neoforge 2.14.4,E,Grouped biome/region discovery,Atlas glossary,0,4,Cross-mod exploration journal,Visit notable biome or landmark,Validate relevant registry and source-version data,Test5 resource audit,audited,StreamsReflowing-1.21.1-neoforge-2.14.4.jar,Historical runtime/audit evidence; confirm against current pack
tans huge trees,E,Grouped biome/region discovery,Atlas glossary,0,4,Cross-mod exploration journal,Visit notable biome or landmark,Validate relevant registry and source-version data,Test8.2/8.3 source addition or repin,locked,1.8.0 - Huge Update,Pinned/repinned in active source; live functionality still to test
TansHugeTrees 1.8.0 NeoForge 1.21.1 BETA,E,Grouped biome/region discovery,Atlas glossary,0,4,Cross-mod exploration journal,Visit notable biome or landmark,Validate relevant registry and source-version data,Test5 resource audit,audited,TansHugeTrees-1.8.0-NeoForge-1.21.1-BETA.jar,Historical runtime/audit evidence; confirm against current pack
Waves 1.21.x 1.6.1,E,Grouped biome/region discovery,Atlas glossary,0,4,Cross-mod exploration journal,Visit notable biome or landmark,Validate relevant registry and source-version data,Test5 client-log uninspected JAR,historical,Waves-1.21.x-1.6.1.jar,Historical runtime/audit evidence; confirm against current pack
integrated cataclysm 1.0.6+1.21.1,I,Folded into a parent campaign,In parent mod guide,0,2,Integrated with parent mod,Fold into parent quests,Validate relevant registry and source-version data,Test5 resource audit,audited,integrated_cataclysm-1.0.6+1.21.1-neoforge.jar,Historical runtime/audit evidence; confirm against current pack
integrated patches,I,Folded into a parent campaign,In parent mod guide,0,2,Integrated with parent mod,Fold into parent quests,Validate relevant registry and source-version data,Test5 resource audit,audited,integrated_patches v1.2.0-1.21.1.jar,Historical runtime/audit evidence; confirm against current pack
integrated villages 1.3.3+1.21.1,I,Folded into a parent campaign,In parent mod guide,0,2,Integrated with parent mod,Fold into parent quests,Validate relevant registry and source-version data,Test5 resource audit,audited,integrated_villages-1.3.3+1.21.1-neoforge.jar,Historical runtime/audit evidence; confirm against current pack
rarcompat 1.21 0.9.7,I,Folded into a parent campaign,In parent mod guide,0,2,Integrated with parent mod,Fold into parent quests,Validate relevant registry and source-version data,Test5 resource audit,audited,rarcompat-1.21-0.9.7.jar,Historical runtime/audit evidence; confirm against current pack
aaa particles,X,No direct quests,None,0,0,Infrastructure / cosmetic / performance,No quest,No player-facing quest unless tutorial needed,Test8.2/8.3 source addition or repin,locked,AAA Particles 2.3.3 (required by Archaion >= 2.2.3),Pinned/repinned in active source; live functionality still to test
alltheleaks 1.1.13+1.21.1,X,No direct quests,None,0,0,Infrastructure / cosmetic / performance,No quest,No player-facing quest unless tutorial needed,Test5 resource audit,audited,alltheleaks-1.1.13+1.21.1-neoforge.jar,Historical runtime/audit evidence; confirm against current pack
architectury 13.0.11,X,No direct quests,None,0,0,Infrastructure / cosmetic / performance,No quest,No player-facing quest unless tutorial needed,Test5 resource audit,audited,architectury-13.0.11-neoforge.jar,Historical runtime/audit evidence; confirm against current pack
atlas api,X,No direct quests,None,0,0,Infrastructure / cosmetic / performance,No quest,No player-facing quest unless tutorial needed,Test8.2/8.3 source addition or repin,locked,Atlas API 1.2.0,Pinned/repinned in active source; live functionality still to test
azurelib neo 1.21.1 3.1.14,X,No direct quests,None,0,0,Infrastructure / cosmetic / performance,No quest,No player-facing quest unless tutorial needed,Test5 resource audit,audited,azurelib-neo-1.21.1-3.1.14.jar,Historical runtime/audit evidence; confirm against current pack
balm neoforge 1.21.1 21.0.66,X,No direct quests,None,0,0,Infrastructure / cosmetic / performance,No quest,No player-facing quest unless tutorial needed,Test5 resource audit,audited,balm-neoforge-1.21.1-21.0.66.jar,Historical runtime/audit evidence; confirm against current pack
bclib 21.0.26,X,No direct quests,None,0,0,Infrastructure / cosmetic / performance,No quest,No player-facing quest unless tutorial needed,Test5 resource audit,audited,bclib-21.0.26.jar,Historical runtime/audit evidence; confirm against current pack
Biolith,X,No direct quests,None,0,0,Biome engine,No player-facing quest,Library,Test5 resource audit; Test8.2/8.3 source addition or repin,audited; locked,biolith-neoforge-3.0.14.jar; Biolith NeoForge 3.0.14 for Minecraft 1.21.1,Pinned/repinned in active source; live functionality still to test
bookshelf neoforge 1.21.1 21.1.81,X,No direct quests,None,0,0,Infrastructure / cosmetic / performance,No quest,No player-facing quest unless tutorial needed,Test5 resource audit,audited,bookshelf-neoforge-1.21.1-21.1.81.jar,Historical runtime/audit evidence; confirm against current pack
borderless window,X,No direct quests,None,0,0,Infrastructure / cosmetic / performance,No quest,No player-facing quest unless tutorial needed,Test8.2/8.3 source addition or repin,locked,Borderless Window 1.6.0,Pinned/repinned in active source; live functionality still to test
caelus neoforge 7.0.1+1.21.1,X,No direct quests,None,0,0,Infrastructure / cosmetic / performance,No quest,No player-facing quest unless tutorial needed,Test5 resource audit,audited,caelus-neoforge-7.0.1+1.21.1.jar,Historical runtime/audit evidence; confirm against current pack
CerbonsAPI NeoForge 1.21 1.3.0,X,No direct quests,None,0,0,Infrastructure / cosmetic / performance,No quest,No player-facing quest unless tutorial needed,Test5 client-log uninspected JAR,historical,CerbonsAPI-NeoForge-1.21-1.3.0.jar,Historical runtime/audit evidence; confirm against current pack
citadel 2.7.1,X,No direct quests,None,0,0,Infrastructure / cosmetic / performance,No quest,No player-facing quest unless tutorial needed,Test5 client-log uninspected JAR,historical,citadel-2.7.1-1.21.1.jar,Historical runtime/audit evidence; confirm against current pack
cloth config 15.0.140,X,No direct quests,None,0,0,Infrastructure / cosmetic / performance,No quest,No player-facing quest unless tutorial needed,Test5 client-log uninspected JAR,historical,cloth-config-15.0.140-neoforge.jar,Historical runtime/audit evidence; confirm against current pack
Clumps neoforge 1.21.1 19.0.0.1,X,No direct quests,None,0,0,Infrastructure / cosmetic / performance,No quest,No player-facing quest unless tutorial needed,Test5 client-log uninspected JAR,historical,Clumps-neoforge-1.21.1-19.0.0.1.jar,Historical runtime/audit evidence; confirm against current pack
complementary reimagined,X,No direct quests,None,0,0,Infrastructure / cosmetic / performance,No quest,No player-facing quest unless tutorial needed,Test8.2/8.3 source addition or repin,locked,Complementary Reimagined r5.9.3 (1.21.1/Iris-supported CurseForge shader project),Pinned/repinned in active source; live functionality still to test
corgilib,X,No direct quests,None,0,0,Infrastructure / cosmetic / performance,No quest,No player-facing quest unless tutorial needed,Test8.2/8.3 source addition or repin,locked,CorgiLib-NeoForge-1.21.1-5.0.0.9,Pinned/repinned in active source; live functionality still to test
Corgilib NeoForge 1.21.1 5.0.0.9,X,No direct quests,None,0,0,Infrastructure / cosmetic / performance,No quest,No player-facing quest unless tutorial needed,Test5 client-log uninspected JAR,historical,Corgilib-NeoForge-1.21.1-5.0.0.9.jar,Historical runtime/audit evidence; confirm against current pack
cristellib neoforge 1.21.1 3.1.7,X,No direct quests,None,0,0,Infrastructure / cosmetic / performance,No quest,No player-facing quest unless tutorial needed,Test5 resource audit,audited,cristellib-neoforge-1.21.1-3.1.7.jar,Historical runtime/audit evidence; confirm against current pack
defaultoptions neoforge 1.21.1 21.1.8,X,No direct quests,None,0,0,Infrastructure / cosmetic / performance,No quest,No player-facing quest unless tutorial needed,Test5 client-log uninspected JAR,historical,defaultoptions-neoforge-1.21.1-21.1.8.jar,Historical runtime/audit evidence; confirm against current pack
delightlib 26.05.18 1.21,X,No direct quests,None,0,0,Infrastructure / cosmetic / performance,No quest,No player-facing quest unless tutorial needed,Test5 client-log uninspected JAR,historical,delightlib-26.05.18-1.21-neoforge.jar,Historical runtime/audit evidence; confirm against current pack
embeddium 1.0.15+mc1.21.1,X,No direct quests,None,0,0,Infrastructure / cosmetic / performance,No quest,No player-facing quest unless tutorial needed,Test5 client-log uninspected JAR,historical,embeddium-1.0.15+mc1.21.1.jar,Historical runtime/audit evidence; confirm against current pack
FastItemFrames,X,No direct quests,None,0,0,Infrastructure / cosmetic / performance,No quest,No player-facing quest unless tutorial needed,Test5 resource audit,audited,FastItemFrames-v21.1.6-1.21.1-NeoForge.jar,Historical runtime/audit evidence; confirm against current pack
FastSuite 1.21.1 6.0.7,X,No direct quests,None,0,0,Infrastructure / cosmetic / performance,No quest,No player-facing quest unless tutorial needed,Test5 resource audit,audited,FastSuite-1.21.1-6.0.7.jar,Historical runtime/audit evidence; confirm against current pack
fdlib 1.0.9,X,No direct quests,None,0,0,Infrastructure / cosmetic / performance,No quest,No player-facing quest unless tutorial needed,Test5 resource audit,audited,fdlib-1.0.9-1.21.1.jar,Historical runtime/audit evidence; confirm against current pack
ferritecore 7.0.3,X,No direct quests,None,0,0,Infrastructure / cosmetic / performance,No quest,No player-facing quest unless tutorial needed,Test5 resource audit,audited,ferritecore-7.0.3-neoforge.jar,Historical runtime/audit evidence; confirm against current pack
framework neoforge 1.21.1 0.13.11,X,No direct quests,None,0,0,Infrastructure / cosmetic / performance,No quest,No player-facing quest unless tutorial needed,Test5 resource audit,audited,framework-neoforge-1.21.1-0.13.11.jar,Historical runtime/audit evidence; confirm against current pack
FreeTerraForged,X,No direct quests,None,0,0,Terrain engine,No player-facing quest,Worldgen engine,Test5 resource audit; Test8.2/8.3 source addition or repin,audited; locked,freeterraforged-1.0.0-neoforge-1.21.1.jar,Pinned/repinned in active source; live functionality still to test
ftb library neoforge 2101.1.37,X,No direct quests,None,0,0,Infrastructure / cosmetic / performance,No quest,No player-facing quest unless tutorial needed,Test5 resource audit,audited,ftb-library-neoforge-2101.1.37.jar,Historical runtime/audit evidence; confirm against current pack
FTB Solo Quests,X,No direct quests,None,0,0,Quest isolation technical,No in-game content,Dedicated-server testing,Test8.2/8.3 source addition or repin,locked,FTB Solo Quests 1.1.2 (dedicated server only),Pinned/repinned in active source; live functionality still to test
fzzy config 0.7.7+1.21+neoforge,X,No direct quests,None,0,0,Infrastructure / cosmetic / performance,No quest,No player-facing quest unless tutorial needed,Test5 resource audit,audited,fzzy_config-0.7.7+1.21+neoforge.jar,Historical runtime/audit evidence; confirm against current pack
geckolib neoforge 1.21.1 4.9.3,X,No direct quests,None,0,0,Infrastructure / cosmetic / performance,No quest,No player-facing quest unless tutorial needed,Test5 resource audit,audited,geckolib-neoforge-1.21.1-4.9.3.jar,Historical runtime/audit evidence; confirm against current pack
GlitchCore neoforge 1.21.1 2.1.0.2,X,No direct quests,None,0,0,Infrastructure / cosmetic / performance,No quest,No player-facing quest unless tutorial needed,Test5 resource audit,audited,GlitchCore-neoforge-1.21.1-2.1.0.2.jar,Historical runtime/audit evidence; confirm against current pack
hybrid api,X,No direct quests,None,0,0,Infrastructure / cosmetic / performance,No quest,No player-facing quest unless tutorial needed,Test8.2/8.3 source addition or repin,locked,Hybrid API 1.1.3,Pinned/repinned in active source; live functionality still to test
ImmediatelyFast NeoForge 1.6.14+1.21.1,X,No direct quests,None,0,0,Infrastructure / cosmetic / performance,No quest,No player-facing quest unless tutorial needed,Test5 resource audit,audited,ImmediatelyFast-NeoForge-1.6.14+1.21.1.jar,Historical runtime/audit evidence; confirm against current pack
integrated api neoforge 1.21.1 1.9.0,X,No direct quests,None,0,0,Infrastructure / cosmetic / performance,No quest,No player-facing quest unless tutorial needed,Test5 resource audit,audited,integrated_api-neoforge-1.21.1-1.9.0.jar,Historical runtime/audit evidence; confirm against current pack
irons lib 1.21.1 2.2.0,X,No direct quests,None,0,0,Infrastructure / cosmetic / performance,No quest,No player-facing quest unless tutorial needed,Test5 resource audit,audited,irons_lib-1.21.1-2.2.0.jar,Historical runtime/audit evidence; confirm against current pack
Jade 1.21.1 NeoForge 15.10.6,X,No direct quests,None,0,0,Infrastructure / cosmetic / performance,No quest,No player-facing quest unless tutorial needed,Test5 resource audit,audited,Jade-1.21.1-NeoForge-15.10.6.jar,Historical runtime/audit evidence; confirm against current pack
JadeAddons 1.21.1 NeoForge 6.1.2,X,No direct quests,None,0,0,Infrastructure / cosmetic / performance,No quest,No player-facing quest unless tutorial needed,Test5 resource audit,audited,JadeAddons-1.21.1-NeoForge-6.1.2.jar,Historical runtime/audit evidence; confirm against current pack
jeed 1.21 2.3.4,X,No direct quests,None,0,0,Infrastructure / cosmetic / performance,No quest,No player-facing quest unless tutorial needed,Test5 resource audit,audited,jeed-1.21-2.3.4-neoforge.jar,Historical runtime/audit evidence; confirm against current pack
jupiter 2.3.7 1.21.1,X,No direct quests,None,0,0,Infrastructure / cosmetic / performance,No quest,No player-facing quest unless tutorial needed,Test5 resource audit,audited,jupiter-2.3.7-1.21.1-neoforge.jar,Historical runtime/audit evidence; confirm against current pack
JustEnoughProfessions neoforge 1.21.1 4.0.5,X,No direct quests,None,0,0,Infrastructure / cosmetic / performance,No quest,No player-facing quest unless tutorial needed,Test5 resource audit,audited,JustEnoughProfessions-neoforge-1.21.1-4.0.5.jar,Historical runtime/audit evidence; confirm against current pack
JustEnoughResources NeoForge 1.21.1 1.6.0.12,X,No direct quests,None,0,0,Infrastructure / cosmetic / performance,No quest,No player-facing quest unless tutorial needed,Test5 resource audit,audited,JustEnoughResources-NeoForge-1.21.1-1.6.0.12.jar,Historical runtime/audit evidence; confirm against current pack
kambrik neoforge 8.0.0 beta.2,X,No direct quests,None,0,0,Infrastructure / cosmetic / performance,No quest,No player-facing quest unless tutorial needed,Test5 resource audit,audited,kambrik-neoforge-8.0.0-beta.2.jar,Historical runtime/audit evidence; confirm against current pack
keybindoverrides 2.0.0,X,No direct quests,None,0,0,Infrastructure / cosmetic / performance,No quest,No player-facing quest unless tutorial needed,Test5 resource audit,audited,keybindoverrides-2.0.0.jar,Historical runtime/audit evidence; confirm against current pack
knightlib neoforge 1.21.1 2.0.4,X,No direct quests,None,0,0,Infrastructure / cosmetic / performance,No quest,No player-facing quest unless tutorial needed,Test5 resource audit,audited,knightlib-neoforge-1.21.1-2.0.4.jar,Historical runtime/audit evidence; confirm against current pack
kotlinforforge 5.12.0 all,X,No direct quests,None,0,0,Infrastructure / cosmetic / performance,No quest,No player-facing quest unless tutorial needed,Test5 resource audit,audited,kotlinforforge-5.12.0-all.jar,Historical runtime/audit evidence; confirm against current pack
lionfishapi 3.1,X,No direct quests,None,0,0,Infrastructure / cosmetic / performance,No quest,No player-facing quest unless tutorial needed,Test5 resource audit,audited,lionfishapi-3.1.jar,Historical runtime/audit evidence; confirm against current pack
lithium neoforge 0.15.4+mc1.21.1,X,No direct quests,None,0,0,Infrastructure / cosmetic / performance,No quest,No player-facing quest unless tutorial needed,Test5 resource audit,audited,lithium-neoforge-0.15.4+mc1.21.1.jar,Historical runtime/audit evidence; confirm against current pack
lithostitched 1.8.0 neoforge,X,No direct quests,None,0,0,Infrastructure / cosmetic / performance,No quest,No player-facing quest unless tutorial needed,Test5 resource audit,audited,lithostitched-1.8.0-neoforge-21.1.jar,Historical runtime/audit evidence; confirm against current pack
lukis grand capitals 1.1.3,X,No direct quests,None,0,0,Infrastructure / cosmetic / performance,No quest,No player-facing quest unless tutorial needed,Test5 resource audit,audited,lukis-grand-capitals-1.1.3.jar,Historical runtime/audit evidence; confirm against current pack
meed 1.21.1 8.3.0,X,No direct quests,None,0,0,Infrastructure / cosmetic / performance,No quest,No player-facing quest unless tutorial needed,Test5 resource audit,audited,meed-1.21.1-8.3.0.jar,Historical runtime/audit evidence; confirm against current pack
mezz config 1.21.1 neoforge 0.6.8 standalone,X,No direct quests,None,0,0,Infrastructure / cosmetic / performance,No quest,No player-facing quest unless tutorial needed,Test5 resource audit,audited,mezz_config-1.21.1-neoforge-0.6.8-standalone.jar,Historical runtime/audit evidence; confirm against current pack
midnightlib,X,No direct quests,None,0,0,Infrastructure / cosmetic / performance,No quest,No player-facing quest unless tutorial needed,Test8.2/8.3 source addition or repin,locked,MidnightLib 1.9.2 (Flight Rings dependency),Pinned/repinned in active source; live functionality still to test
modernfix neoforge 5.27.24+mc1.21.1,X,No direct quests,None,0,0,Infrastructure / cosmetic / performance,No quest,No player-facing quest unless tutorial needed,Test5 resource audit,audited,modernfix-neoforge-5.27.24+mc1.21.1.jar,Historical runtime/audit evidence; confirm against current pack
moogs structure lib,X,No direct quests,None,0,0,Infrastructure / cosmetic / performance,No quest,No player-facing quest unless tutorial needed,Test8.2/8.3 source addition or repin,locked,Moog's Structure Lib 3.4.2-1.21+ [NEOFORGE],Pinned/repinned in active source; live functionality still to test
MoogsStructureLib neoforge 1.21.1 3.4.2,X,No direct quests,None,0,0,Infrastructure / cosmetic / performance,No quest,No player-facing quest unless tutorial needed,Test5 resource audit,audited,MoogsStructureLib-neoforge-1.21.1-3.4.2.jar,Historical runtime/audit evidence; confirm against current pack
moonlight 1.21.1 3.7.1,X,No direct quests,None,0,0,Infrastructure / cosmetic / performance,No quest,No player-facing quest unless tutorial needed,Test5 resource audit,audited,moonlight-1.21.1-3.7.1-neoforge.jar,Historical runtime/audit evidence; confirm against current pack
MouseTweaks neoforge mc1.21 2.26.1,X,No direct quests,None,0,0,Infrastructure / cosmetic / performance,No quest,No player-facing quest unless tutorial needed,Test5 resource audit,audited,MouseTweaks-neoforge-mc1.21-2.26.1.jar,Historical runtime/audit evidence; confirm against current pack
mysterious mountain lib 1.2.15,X,No direct quests,None,0,0,Infrastructure / cosmetic / performance,No quest,No player-facing quest unless tutorial needed,Test5 resource audit,audited,mysterious_mountain_lib-1.2.15-1.21.1.jar,Historical runtime/audit evidence; confirm against current pack
neoculus,X,No direct quests,None,0,0,Infrastructure / cosmetic / performance,No quest,No player-facing quest unless tutorial needed,Test8.2/8.3 source addition or repin,locked,neoculus-mc1.21.1-1.8.7.jar,Pinned/repinned in active source; live functionality still to test
neoculus mc1.21.1 1.8.7,X,No direct quests,None,0,0,Infrastructure / cosmetic / performance,No quest,No player-facing quest unless tutorial needed,Test5 resource audit,audited,neoculus-mc1.21.1-1.8.7.jar,Historical runtime/audit evidence; confirm against current pack
NightLib Neoforge 1.21.1 1.3.0,X,No direct quests,None,0,0,Infrastructure / cosmetic / performance,No quest,No player-facing quest unless tutorial needed,Test5 resource audit,audited,NightLib-Neoforge-1.21.1-1.3.0.jar,Historical runtime/audit evidence; confirm against current pack
noisiumed 3.0.6 neoforge,X,No direct quests,None,0,0,Infrastructure / cosmetic / performance,No quest,No player-facing quest unless tutorial needed,Test5 resource audit,audited,noisiumed-3.0.6-neoforge-1.21.1.jar,Historical runtime/audit evidence; confirm against current pack
OctoLib NEOFORGE 0.6.2+1.21,X,No direct quests,None,0,0,Infrastructure / cosmetic / performance,No quest,No player-facing quest unless tutorial needed,Test5 resource audit,audited,OctoLib-NEOFORGE-0.6.2+1.21.jar,Historical runtime/audit evidence; confirm against current pack
oh the trees youll grow,X,No direct quests,None,0,0,Infrastructure / cosmetic / performance,No quest,No player-facing quest unless tutorial needed,Test8.2/8.3 source addition or repin,locked,Oh-The-Trees-You'll-Grow-NeoForge-1.21.1-5.3.4,Pinned/repinned in active source; live functionality still to test
owo lib neoforge 0.12.15.5 beta.1+1.21,X,No direct quests,None,0,0,Infrastructure / cosmetic / performance,No quest,No player-facing quest unless tutorial needed,Test5 resource audit,audited,owo-lib-neoforge-0.12.15.5-beta.1+1.21.jar,Historical runtime/audit evidence; confirm against current pack
Patchouli 1.21.1 93,X,No direct quests,None,0,0,Infrastructure / cosmetic / performance,No quest,No player-facing quest unless tutorial needed,Test5 resource audit,audited,Patchouli-1.21.1-93-NEOFORGE.jar,Historical runtime/audit evidence; confirm against current pack
Placebo 1.21.1 9.9.2,X,No direct quests,None,0,0,Infrastructure / cosmetic / performance,No quest,No player-facing quest unless tutorial needed,Test5 resource audit,audited,Placebo-1.21.1-9.9.2.jar,Historical runtime/audit evidence; confirm against current pack
player animation lib forge 2.0.4+1.21.1,X,No direct quests,None,0,0,Infrastructure / cosmetic / performance,No quest,No player-facing quest unless tutorial needed,Test5 resource audit,audited,player-animation-lib-forge-2.0.4+1.21.1.jar,Historical runtime/audit evidence; confirm against current pack
prickle neoforge 1.21.1 21.1.11,X,No direct quests,None,0,0,Infrastructure / cosmetic / performance,No quest,No player-facing quest unless tutorial needed,Test5 resource audit,audited,prickle-neoforge-1.21.1-21.1.11.jar,Historical runtime/audit evidence; confirm against current pack
puzzleslib,X,No direct quests,None,0,0,Infrastructure / cosmetic / performance,No quest,No player-facing quest unless tutorial needed,Test5 resource audit,audited,puzzleslib-v21.1.62-mc1.21.1+neoforge.jar,Historical runtime/audit evidence; confirm against current pack
resourcefullib neoforge 1.21 3.0.12,X,No direct quests,None,0,0,Infrastructure / cosmetic / performance,No quest,No player-facing quest unless tutorial needed,Test5 resource audit,audited,resourcefullib-neoforge-1.21-3.0.12.jar,Historical runtime/audit evidence; confirm against current pack
Searchables neoforge 1.21.1 1.0.2,X,No direct quests,None,0,0,Infrastructure / cosmetic / performance,No quest,No player-facing quest unless tutorial needed,Test5 resource audit,audited,Searchables-neoforge-1.21.1-1.0.2.jar,Historical runtime/audit evidence; confirm against current pack
servercore neoforge 1.5.19+1.21.1,X,No direct quests,None,0,0,Infrastructure / cosmetic / performance,No quest,No player-facing quest unless tutorial needed,Test5 resource audit,audited,servercore-neoforge-1.5.19+1.21.1.jar,Historical runtime/audit evidence; confirm against current pack
shadow drop,X,No direct quests,None,0,0,Infrastructure / cosmetic / performance,No quest,No player-facing quest unless tutorial needed,Test8.2/8.3 source addition or repin,locked,Shadow Drop 1.1.1 (known exact file pin; review latest 2.0.x when available),Pinned/repinned in active source; live functionality still to test
Sinew 1.21.1 1.2.14,X,No direct quests,None,0,0,Infrastructure / cosmetic / performance,No quest,No player-facing quest unless tutorial needed,Test5 resource audit,audited,Sinew-1.21.1-1.2.14.jar,Historical runtime/audit evidence; confirm against current pack
smoothchunk 1.21 4.1,X,No direct quests,None,0,0,Infrastructure / cosmetic / performance,No quest,No player-facing quest unless tutorial needed,Test5 resource audit,audited,smoothchunk-1.21-4.1.jar,Historical runtime/audit evidence; confirm against current pack
solas,X,No direct quests,None,0,0,Infrastructure / cosmetic / performance,No quest,No player-facing quest unless tutorial needed,Test8.2/8.3 source addition or repin,locked,Solas Shader V2.3 (1.21.1/Iris-compatible CurseForge shader project),Pinned/repinned in active source; live functionality still to test
sophisticatedcore 1.21.1 1.5.6.2374,X,No direct quests,None,0,0,Infrastructure / cosmetic / performance,No quest,No player-facing quest unless tutorial needed,Test5 resource audit,audited,sophisticatedcore-1.21.1-1.5.6.2374.jar,Historical runtime/audit evidence; confirm against current pack
spark 1.10.124,X,No direct quests,None,0,0,Infrastructure / cosmetic / performance,No quest,No player-facing quest unless tutorial needed,Test5 resource audit,audited,spark-1.10.124-neoforge.jar,Historical runtime/audit evidence; confirm against current pack
structureessentials 1.21.1 5.0,X,No direct quests,None,0,0,Infrastructure / cosmetic / performance,No quest,No player-facing quest unless tutorial needed,Test5 resource audit,audited,structureessentials-1.21.1-5.0.jar,Historical runtime/audit evidence; confirm against current pack
TerraBlender neoforge 1.21.1 4.1.0.8,X,No direct quests,None,0,0,Infrastructure / cosmetic / performance,No quest,No player-facing quest unless tutorial needed,Test5 resource audit,audited,TerraBlender-neoforge-1.21.1-4.1.0.8.jar,Historical runtime/audit evidence; confirm against current pack
valhelsia core neoforge 1.21.1 1.1.5,X,No direct quests,None,0,0,Infrastructure / cosmetic / performance,No quest,No player-facing quest unless tutorial needed,Test5 client-log uninspected JAR,historical,valhelsia_core-neoforge-1.21.1-1.1.5.jar,Historical runtime/audit evidence; confirm against current pack
worldweaver 21.0.26,X,No direct quests,None,0,0,Infrastructure / cosmetic / performance,No quest,No player-facing quest unless tutorial needed,Test5 client-log uninspected JAR,historical,worldweaver-21.0.26.jar,Historical runtime/audit evidence; confirm against current pack
wunderlib 21.0.10,X,No direct quests,None,0,0,Infrastructure / cosmetic / performance,No quest,No player-facing quest unless tutorial needed,Test5 client-log uninspected JAR,historical,wunderlib-21.0.10.jar,Historical runtime/audit evidence; confirm against current pack
xaeroworldmap neoforge 1.21.1 1.47.0,X,No direct quests,None,0,0,Infrastructure / cosmetic / performance,No quest,No player-facing quest unless tutorial needed,Test5 client-log uninspected JAR,historical,xaeroworldmap-neoforge-1.21.1-1.47.0.jar,Historical runtime/audit evidence; confirm against current pack
YungsApi 1.21.1 NeoForge 5.1.9,X,No direct quests,None,0,0,Infrastructure / cosmetic / performance,No quest,No player-facing quest unless tutorial needed,Test5 resource audit,audited,YungsApi-1.21.1-NeoForge-5.1.9.jar,Historical runtime/audit evidence; confirm against current pack
Zeta 1.1 40,X,No direct quests,None,0,0,Infrastructure / cosmetic / performance,No quest,No player-facing quest unless tutorial needed,Test5 client-log uninspected JAR,historical,Zeta-1.1-40.jar,Historical runtime/audit evidence; confirm against current pack
alexsmobs 1.22.9,?,Needs feature audit,After audit,0,0,Unclassified — gameplay inspection needed,Audit actual content before objectives,Do not invent gameplay mechanics,Test5 resource audit,audited,alexsmobs-1.22.9.jar,Historical runtime/audit evidence; confirm against current pack
ApothicAttributes 1.21.1 2.11.0,?,Needs feature audit,After audit,0,0,Unclassified — gameplay inspection needed,Audit actual content before objectives,Do not invent gameplay mechanics,Test5 resource audit,audited,ApothicAttributes-1.21.1-2.11.0.jar,Historical runtime/audit evidence; confirm against current pack
ApothicEnchanting 1.21.1 1.6.3,?,Needs feature audit,After audit,0,0,Unclassified — gameplay inspection needed,Audit actual content before objectives,Do not invent gameplay mechanics,Test5 resource audit,audited,ApothicEnchanting-1.21.1-1.6.3.jar,Historical runtime/audit evidence; confirm against current pack
ApothicSpawners 1.21.1 1.4.0,?,Needs feature audit,After audit,0,0,Unclassified — gameplay inspection needed,Audit actual content before objectives,Do not invent gameplay mechanics,Test5 resource audit,audited,ApothicSpawners-1.21.1-1.4.0.jar,Historical runtime/audit evidence; confirm against current pack
aquatic creepers,?,Needs feature audit,After audit,0,0,Unclassified — gameplay inspection needed,Audit actual content before objectives,Do not invent gameplay mechanics,Test8.2/8.3 source addition or repin,locked,Aquatic Creepers 1.0.0,Pinned/repinned in active source; live functionality still to test
cupboard 1.21.1 4.2,?,Needs feature audit,After audit,0,0,Unclassified — gameplay inspection needed,Audit actual content before objectives,Do not invent gameplay mechanics,Test5 client-log uninspected JAR,historical,cupboard-1.21.1-4.2.jar,Historical runtime/audit evidence; confirm against current pack
flight rings,?,Needs feature audit,After audit,0,0,Unclassified — gameplay inspection needed,Audit actual content before objectives,Do not invent gameplay mechanics,Test8.2/8.3 source addition or repin,locked,Flight Rings 2.0.0,Pinned/repinned in active source; live functionality still to test
ftb ocean mobs,?,Needs feature audit,After audit,0,0,Unclassified — gameplay inspection needed,Audit actual content before objectives,Do not invent gameplay mechanics,Test8.2/8.3 source addition or repin,locked,FTB Ocean Mobs 21.1.4,Pinned/repinned in active source; live functionality still to test
hybrid aquatic,?,Needs feature audit,After audit,0,0,Unclassified — gameplay inspection needed,Audit actual content before objectives,Do not invent gameplay mechanics,Test8.2/8.3 source addition or repin,locked,Hybrid Aquatic v1.7.4,Pinned/repinned in active source; live functionality still to test
IBOMD,?,Needs feature audit,After audit,0,0,Unclassified — gameplay inspection needed,Audit actual content before objectives,Do not invent gameplay mechanics,Test5 resource audit,audited,IBOMD v1.0.0-1.21.1.jar,Historical runtime/audit evidence; confirm against current pack
IMM,?,Needs feature audit,After audit,0,0,Unclassified — gameplay inspection needed,Audit actual content before objectives,Do not invent gameplay mechanics,Test5 resource audit,audited,IMM v1.3.2-1.21.1.jar,Historical runtime/audit evidence; confirm against current pack
jearchaeology 1.21.1 1.2.0,?,Needs feature audit,After audit,0,0,Unclassified — gameplay inspection needed,Audit actual content before objectives,Do not invent gameplay mechanics,Test5 resource audit,audited,jearchaeology-1.21.1-1.2.0.jar,Historical runtime/audit evidence; confirm against current pack
lootintegrations 1.21.1 4.7,?,Needs feature audit,After audit,0,0,Unclassified — gameplay inspection needed,Audit actual content before objectives,Do not invent gameplay mechanics,Test5 resource audit,audited,lootintegrations-1.21.1-4.7.jar,Historical runtime/audit evidence; confirm against current pack
wda questline 1.21.1 1.0.0,?,Needs feature audit,After audit,0,0,Unclassified — gameplay inspection needed,Audit actual content before objectives,Do not invent gameplay mechanics,Test5 client-log uninspected JAR,historical,wda_questline-1.21.1-1.0.0.jar,Historical runtime/audit evidence; confirm against current pack
yungs monuments,?,Needs feature audit,After audit,0,0,Unclassified — gameplay inspection needed,Audit actual content before objectives,Do not invent gameplay mechanics,Test8.2/8.3 source addition or repin,locked,YUNG's Better Ocean Monuments 4.1.2,Pinned/repinned in active source; live functionality still to test
