supplement_id,related_chapter,source_scope,suggested_tier,milestone,suggested_trigger_scope,version_check,implementation_status
ao_extra_starlight_01,ambient_odyssey:starlight,Eternal Starlight 0.9.1,3–8,Learn the Glimmering Tablet,information_or_custom,"Exact installed version, registry ID, natural obtainability and quest trigger to be verified",additional_content_candidate_not_implemented
ao_extra_starlight_02,ambient_odyssey:starlight,Eternal Starlight 0.9.1,3–8,Find a Stranghoul Den and investigate barter,information_or_custom,"Exact installed version, registry ID, natural obtainability and quest trigger to be verified",additional_content_candidate_not_implemented
ao_extra_starlight_03,ambient_odyssey:starlight,Eternal Starlight 0.9.1,3–8,Understand the Gatekeepers,information_or_custom,"Exact installed version, registry ID, natural obtainability and quest trigger to be verified",additional_content_candidate_not_implemented
ao_extra_starlight_04,ambient_odyssey:starlight,Eternal Starlight 0.9.1,3–8,Study the Ether fluid,information_or_custom,"Exact installed version, registry ID, natural obtainability and quest trigger to be verified",additional_content_candidate_not_implemented
ao_extra_starlight_05,ambient_odyssey:starlight,Eternal Starlight 0.9.1,3–8,Acquire two distinct realm materials,verify_item_entity_biome_structure_or_advancement,"Exact installed version, registry ID, natural obtainability and quest trigger to be verified",additional_content_candidate_not_implemented
ao_extra_starlight_06,ambient_odyssey:starlight,Eternal Starlight 0.9.1,3–8,Locate the Starlight Golem's site,verify_item_entity_biome_structure_or_advancement,"Exact installed version, registry ID, natural obtainability and quest trigger to be verified",additional_content_candidate_not_implemented
ao_extra_starlight_07,ambient_odyssey:starlight,Eternal Starlight 0.9.1,3–8,Defeat the Starlight Golem and examine loot,verify_item_entity_biome_structure_or_advancement,"Exact installed version, registry ID, natural obtainability and quest trigger to be verified",additional_content_candidate_not_implemented
ao_extra_starlight_08,ambient_odyssey:starlight,Eternal Starlight 0.9.1,3–8,Find the Alloy Furnace and make a native upgrade,verify_item_entity_biome_structure_or_advancement,"Exact installed version, registry ID, natural obtainability and quest trigger to be verified",additional_content_candidate_not_implemented
ao_extra_starlight_09,ambient_odyssey:starlight,Eternal Starlight 0.9.1,3–8,Investigate a Lunar Monstrosity encounter,information_or_custom,"Exact installed version, registry ID, natural obtainability and quest trigger to be verified",additional_content_candidate_not_implemented
ao_extra_starlight_10,ambient_odyssey:starlight,Eternal Starlight 0.9.1,3–8,Prepare for a later Starlight boss,information_or_custom,"Exact installed version, registry ID, natural obtainability and quest trigger to be verified",additional_content_candidate_not_implemented
ao_extra_starlight_11,ambient_odyssey:starlight,Eternal Starlight 0.9.1,3–8,Use a Starlight boss-specific reward,verify_item_entity_biome_structure_or_advancement,"Exact installed version, registry ID, natural obtainability and quest trigger to be verified",additional_content_candidate_not_implemented
ao_extra_starlight_12,ambient_odyssey:starlight,Eternal Starlight 0.9.1,3–8,Collect one unique Starlight weapon,verify_item_entity_biome_structure_or_advancement,"Exact installed version, registry ID, natural obtainability and quest trigger to be verified",additional_content_candidate_not_implemented
ao_extra_starlight_13,ambient_odyssey:starlight,Eternal Starlight 0.9.1,3–8,Confront another accessible boss,verify_item_entity_biome_structure_or_advancement,"Exact installed version, registry ID, natural obtainability and quest trigger to be verified",additional_content_candidate_not_implemented
ao_extra_starlight_14,ambient_odyssey:starlight,Eternal Starlight 0.9.1,3–8,Document a second Starlight biome,information_or_custom,"Exact installed version, registry ID, natural obtainability and quest trigger to be verified",additional_content_candidate_not_implemented
ao_extra_starlight_15,ambient_odyssey:starlight,Eternal Starlight 0.9.1,3–8,Discover a realm device or crafting workstation,verify_item_entity_biome_structure_or_advancement,"Exact installed version, registry ID, natural obtainability and quest trigger to be verified",additional_content_candidate_not_implemented
ao_extra_bumblezone_01,ambient_odyssey:bumblezone,The Bumblezone 7.16.1,2–6,Learn the Wrath of the Hive effect,information_or_custom,"Exact installed version, registry ID, natural obtainability and quest trigger to be verified",additional_content_candidate_not_implemented
ao_extra_bumblezone_02,ambient_odyssey:bumblezone,The Bumblezone 7.16.1,2–6,Gain or study Protection of the Hive,information_or_custom,"Exact installed version, registry ID, natural obtainability and quest trigger to be verified",additional_content_candidate_not_implemented
ao_extra_bumblezone_03,ambient_odyssey:bumblezone,The Bumblezone 7.16.1,2–6,Obtain a Honey Compass,verify_item_entity_biome_structure_or_advancement,"Exact installed version, registry ID, natural obtainability and quest trigger to be verified",additional_content_candidate_not_implemented
ao_extra_bumblezone_04,ambient_odyssey:bumblezone,The Bumblezone 7.16.1,2–6,Locate the Cell Maze,verify_item_entity_biome_structure_or_advancement,"Exact installed version, registry ID, natural obtainability and quest trigger to be verified",additional_content_candidate_not_implemented
ao_extra_bumblezone_05,ambient_odyssey:bumblezone,The Bumblezone 7.16.1,2–6,Acquire native Bee Armor,verify_item_entity_biome_structure_or_advancement,"Exact installed version, registry ID, natural obtainability and quest trigger to be verified",additional_content_candidate_not_implemented
ao_extra_bumblezone_06,ambient_odyssey:bumblezone,The Bumblezone 7.16.1,2–6,Find a Beehemoth and learn its behavior,information_or_custom,"Exact installed version, registry ID, natural obtainability and quest trigger to be verified",additional_content_candidate_not_implemented
ao_extra_bumblezone_07,ambient_odyssey:bumblezone,The Bumblezone 7.16.1,2–6,Optionally tame a Beehemoth,verify_item_entity_biome_structure_or_advancement,"Exact installed version, registry ID, natural obtainability and quest trigger to be verified",additional_content_candidate_not_implemented
ao_extra_bumblezone_08,ambient_odyssey:bumblezone,The Bumblezone 7.16.1,2–6,Discover the Bee Queen Throne Pillar,verify_item_entity_biome_structure_or_advancement,"Exact installed version, registry ID, natural obtainability and quest trigger to be verified",additional_content_candidate_not_implemented
ao_extra_bumblezone_09,ambient_odyssey:bumblezone,The Bumblezone 7.16.1,2–6,Trade with the Bee Queen instead of fighting her,verify_item_entity_biome_structure_or_advancement,"Exact installed version, registry ID, natural obtainability and quest trigger to be verified",additional_content_candidate_not_implemented
ao_extra_bumblezone_10,ambient_odyssey:bumblezone,The Bumblezone 7.16.1,2–6,Discover Queen's Desire advancements,verify_item_entity_biome_structure_or_advancement,"Exact installed version, registry ID, natural obtainability and quest trigger to be verified",additional_content_candidate_not_implemented
ao_extra_bumblezone_11,ambient_odyssey:bumblezone,The Bumblezone 7.16.1,2–6,Complete one optional Queen's Desire task,verify_item_entity_biome_structure_or_advancement,"Exact installed version, registry ID, natural obtainability and quest trigger to be verified",additional_content_candidate_not_implemented
ao_extra_bumblezone_12,ambient_odyssey:bumblezone,The Bumblezone 7.16.1,2–6,Study the Crystalline Flower,information_or_custom,"Exact installed version, registry ID, natural obtainability and quest trigger to be verified",additional_content_candidate_not_implemented
ao_extra_bumblezone_13,ambient_odyssey:bumblezone,The Bumblezone 7.16.1,2–6,Explore the role of honey-based equipment,verify_item_entity_biome_structure_or_advancement,"Exact installed version, registry ID, natural obtainability and quest trigger to be verified",additional_content_candidate_not_implemented
ao_extra_bumblezone_14,ambient_odyssey:bumblezone,The Bumblezone 7.16.1,2–6,Return with a distinctive hive discovery,verify_item_entity_biome_structure_or_advancement,"Exact installed version, registry ID, natural obtainability and quest trigger to be verified",additional_content_candidate_not_implemented
ao_extra_deeper_darker_01,ambient_odyssey:deeper_darker,Deeper and Darker 1.4.1,3–6,Investigate the Ancient City portal,information_or_custom,"Exact installed version, registry ID, natural obtainability and quest trigger to be verified",additional_content_candidate_not_implemented
ao_extra_deeper_darker_02,ambient_odyssey:deeper_darker,Deeper and Darker 1.4.1,3–6,Read about Warden Heart access,information_or_custom,"Exact installed version, registry ID, natural obtainability and quest trigger to be verified",additional_content_candidate_not_implemented
ao_extra_deeper_darker_03,ambient_odyssey:deeper_darker,Deeper and Darker 1.4.1,3–6,Enter the Otherside and arrange safe return,verify_item_entity_biome_structure_or_advancement,"Exact installed version, registry ID, natural obtainability and quest trigger to be verified",additional_content_candidate_not_implemented
ao_extra_deeper_darker_04,ambient_odyssey:deeper_darker,Deeper and Darker 1.4.1,3–6,Discover the Deeplands,verify_item_entity_biome_structure_or_advancement,"Exact installed version, registry ID, natural obtainability and quest trigger to be verified",additional_content_candidate_not_implemented
ao_extra_deeper_darker_05,ambient_odyssey:deeper_darker,Deeper and Darker 1.4.1,3–6,Explore the Echoing Forest,verify_item_entity_biome_structure_or_advancement,"Exact installed version, registry ID, natural obtainability and quest trigger to be verified",additional_content_candidate_not_implemented
ao_extra_deeper_darker_06,ambient_odyssey:deeper_darker,Deeper and Darker 1.4.1,3–6,Explore the Overcast Columns,verify_item_entity_biome_structure_or_advancement,"Exact installed version, registry ID, natural obtainability and quest trigger to be verified",additional_content_candidate_not_implemented
ao_extra_deeper_darker_07,ambient_odyssey:deeper_darker,Deeper and Darker 1.4.1,3–6,Explore the Blooming Caverns,verify_item_entity_biome_structure_or_advancement,"Exact installed version, registry ID, natural obtainability and quest trigger to be verified",additional_content_candidate_not_implemented
ao_extra_deeper_darker_08,ambient_odyssey:deeper_darker,Deeper and Darker 1.4.1,3–6,Find an Ancient Compass,verify_item_entity_biome_structure_or_advancement,"Exact installed version, registry ID, natural obtainability and quest trigger to be verified",additional_content_candidate_not_implemented
ao_extra_deeper_darker_09,ambient_odyssey:deeper_darker,Deeper and Darker 1.4.1,3–6,Locate an Ancient Temple,verify_item_entity_biome_structure_or_advancement,"Exact installed version, registry ID, natural obtainability and quest trigger to be verified",additional_content_candidate_not_implemented
ao_extra_deeper_darker_10,ambient_odyssey:deeper_darker,Deeper and Darker 1.4.1,3–6,Investigate its unusual vases cautiously,information_or_custom,"Exact installed version, registry ID, natural obtainability and quest trigger to be verified",additional_content_candidate_not_implemented
ao_extra_deeper_darker_11,ambient_odyssey:deeper_darker,Deeper and Darker 1.4.1,3–6,Encounter a native miniboss,verify_item_entity_biome_structure_or_advancement,"Exact installed version, registry ID, natural obtainability and quest trigger to be verified",additional_content_candidate_not_implemented
ao_extra_deeper_darker_12,ambient_odyssey:deeper_darker,Deeper and Darker 1.4.1,3–6,Research Resonarium armor and tools,information_or_custom,"Exact installed version, registry ID, natural obtainability and quest trigger to be verified",additional_content_candidate_not_implemented
ao_extra_deeper_darker_13,ambient_odyssey:deeper_darker,Deeper and Darker 1.4.1,3–6,Examine Sculk Transmitter use,verify_item_entity_biome_structure_or_advancement,"Exact installed version, registry ID, natural obtainability and quest trigger to be verified",additional_content_candidate_not_implemented
ao_extra_forbidden_01,ambient_odyssey:forbidden,Forbidden & Arcanus 2.6.1,2–7,Acquire an early Aureal material or resource,verify_item_entity_biome_structure_or_advancement,"Exact installed version, registry ID, natural obtainability and quest trigger to be verified",additional_content_candidate_not_implemented
ao_extra_forbidden_02,ambient_odyssey:forbidden,Forbidden & Arcanus 2.6.1,2–7,Study the Forbiddenomicon,information_or_custom,"Exact installed version, registry ID, natural obtainability and quest trigger to be verified",additional_content_candidate_not_implemented
ao_extra_forbidden_03,ambient_odyssey:forbidden,Forbidden & Arcanus 2.6.1,2–7,Discover a Hephaestus Forge component,verify_item_entity_biome_structure_or_advancement,"Exact installed version, registry ID, natural obtainability and quest trigger to be verified",additional_content_candidate_not_implemented
ao_extra_forbidden_04,ambient_odyssey:forbidden,Forbidden & Arcanus 2.6.1,2–7,Construct the Hephaestus Forge,verify_item_entity_biome_structure_or_advancement,"Exact installed version, registry ID, natural obtainability and quest trigger to be verified",additional_content_candidate_not_implemented
ao_extra_forbidden_05,ambient_odyssey:forbidden,Forbidden & Arcanus 2.6.1,2–7,Perform a verified early ritual,verify_item_entity_biome_structure_or_advancement,"Exact installed version, registry ID, natural obtainability and quest trigger to be verified",additional_content_candidate_not_implemented
ao_extra_forbidden_06,ambient_odyssey:forbidden,Forbidden & Arcanus 2.6.1,2–7,Unlock a stronger Forge tier,verify_item_entity_biome_structure_or_advancement,"Exact installed version, registry ID, natural obtainability and quest trigger to be verified",additional_content_candidate_not_implemented
ao_extra_forbidden_07,ambient_odyssey:forbidden,Forbidden & Arcanus 2.6.1,2–7,Investigate ritual essences and input rules,information_or_custom,"Exact installed version, registry ID, natural obtainability and quest trigger to be verified",additional_content_candidate_not_implemented
ao_extra_forbidden_08,ambient_odyssey:forbidden,Forbidden & Arcanus 2.6.1,2–7,Upgrade a piece of equipment through the Forge,verify_item_entity_biome_structure_or_advancement,"Exact installed version, registry ID, natural obtainability and quest trigger to be verified",additional_content_candidate_not_implemented
ao_extra_forbidden_09,ambient_odyssey:forbidden,Forbidden & Arcanus 2.6.1,2–7,Research Draco Arcanus armor,information_or_custom,"Exact installed version, registry ID, natural obtainability and quest trigger to be verified",additional_content_candidate_not_implemented
ao_extra_forbidden_10,ambient_odyssey:forbidden,Forbidden & Arcanus 2.6.1,2–7,Research Tyr armor,information_or_custom,"Exact installed version, registry ID, natural obtainability and quest trigger to be verified",additional_content_candidate_not_implemented
ao_extra_forbidden_11,ambient_odyssey:forbidden,Forbidden & Arcanus 2.6.1,2–7,Use the Clibano,verify_item_entity_biome_structure_or_advancement,"Exact installed version, registry ID, natural obtainability and quest trigger to be verified",additional_content_candidate_not_implemented
ao_extra_forbidden_12,ambient_odyssey:forbidden,Forbidden & Arcanus 2.6.1,2–7,Try a Magic Wand,verify_item_entity_biome_structure_or_advancement,"Exact installed version, registry ID, natural obtainability and quest trigger to be verified",additional_content_candidate_not_implemented
ao_extra_forbidden_13,ambient_odyssey:forbidden,Forbidden & Arcanus 2.6.1,2–7,Document an advanced artifact upgrade,information_or_custom,"Exact installed version, registry ID, natural obtainability and quest trigger to be verified",additional_content_candidate_not_implemented
ao_extra_alex_caves_01,ambient_odyssey:alex_caves,Alex's Caves 2.0.3,2–7,Find an Underground Cabin and Cave Compendium,verify_item_entity_biome_structure_or_advancement,"Exact installed version, registry ID, natural obtainability and quest trigger to be verified",additional_content_candidate_not_implemented
ao_extra_alex_caves_02,ambient_odyssey:alex_caves,Alex's Caves 2.0.3,2–7,Learn how Cave Tablets locate unique cave biomes,information_or_custom,"Exact installed version, registry ID, natural obtainability and quest trigger to be verified",additional_content_candidate_not_implemented
ao_extra_alex_caves_03,ambient_odyssey:alex_caves,Alex's Caves 2.0.3,2–7,Investigate Magnetic Caves materials,information_or_custom,"Exact installed version, registry ID, natural obtainability and quest trigger to be verified",additional_content_candidate_not_implemented
ao_extra_alex_caves_04,ambient_odyssey:alex_caves,Alex's Caves 2.0.3,2–7,Experiment with a magnetic mechanic,verify_item_entity_biome_structure_or_advancement,"Exact installed version, registry ID, natural obtainability and quest trigger to be verified",additional_content_candidate_not_implemented
ao_extra_alex_caves_05,ambient_odyssey:alex_caves,Alex's Caves 2.0.3,2–7,Prepare for Toxic Caves radiation,information_or_custom,"Exact installed version, registry ID, natural obtainability and quest trigger to be verified",additional_content_candidate_not_implemented
ao_extra_alex_caves_06,ambient_odyssey:alex_caves,Alex's Caves 2.0.3,2–7,Acquire radiation protection,verify_item_entity_biome_structure_or_advancement,"Exact installed version, registry ID, natural obtainability and quest trigger to be verified",additional_content_candidate_not_implemented
ao_extra_alex_caves_07,ambient_odyssey:alex_caves,Alex's Caves 2.0.3,2–7,Prepare for Abyssal Chasm exploration,information_or_custom,"Exact installed version, registry ID, natural obtainability and quest trigger to be verified",additional_content_candidate_not_implemented
ao_extra_alex_caves_08,ambient_odyssey:alex_caves,Alex's Caves 2.0.3,2–7,Discover a signature abyssal creature,verify_item_entity_biome_structure_or_advancement,"Exact installed version, registry ID, natural obtainability and quest trigger to be verified",additional_content_candidate_not_implemented
ao_extra_alex_caves_09,ambient_odyssey:alex_caves,Alex's Caves 2.0.3,2–7,Document a prehistoric Primordial Caves mob,information_or_custom,"Exact installed version, registry ID, natural obtainability and quest trigger to be verified",additional_content_candidate_not_implemented
ao_extra_alex_caves_10,ambient_odyssey:alex_caves,Alex's Caves 2.0.3,2–7,Survive an appropriate prehistoric danger,verify_item_entity_biome_structure_or_advancement,"Exact installed version, registry ID, natural obtainability and quest trigger to be verified",additional_content_candidate_not_implemented
ao_extra_alex_caves_11,ambient_odyssey:alex_caves,Alex's Caves 2.0.3,2–7,Find a supernatural Forlorn Hollows feature,verify_item_entity_biome_structure_or_advancement,"Exact installed version, registry ID, natural obtainability and quest trigger to be verified",additional_content_candidate_not_implemented
ao_extra_alex_caves_12,ambient_odyssey:alex_caves,Alex's Caves 2.0.3,2–7,Acquire a unique Forlorn Hollows reward,verify_item_entity_biome_structure_or_advancement,"Exact installed version, registry ID, natural obtainability and quest trigger to be verified",additional_content_candidate_not_implemented
ao_extra_alex_caves_13,ambient_odyssey:alex_caves,Alex's Caves 2.0.3,2–7,Explore Candy Cavity mechanics,verify_item_entity_biome_structure_or_advancement,"Exact installed version, registry ID, natural obtainability and quest trigger to be verified",additional_content_candidate_not_implemented
ao_extra_alex_caves_14,ambient_odyssey:alex_caves,Alex's Caves 2.0.3,2–7,Investigate a Candy Cavity item,information_or_custom,"Exact installed version, registry ID, natural obtainability and quest trigger to be verified",additional_content_candidate_not_implemented
ao_extra_alex_caves_15,ambient_odyssey:alex_caves,Alex's Caves 2.0.3,2–7,Return with discoveries from three cave types,verify_item_entity_biome_structure_or_advancement,"Exact installed version, registry ID, natural obtainability and quest trigger to be verified",additional_content_candidate_not_implemented
ao_extra_aether_01,ambient_odyssey:aether,The Aether + Deep Aether,2–7,Learn safe sky-island landing techniques,information_or_custom,"Exact installed version, registry ID, natural obtainability and quest trigger to be verified",additional_content_candidate_not_implemented
ao_extra_aether_02,ambient_odyssey:aether,The Aether + Deep Aether,2–7,Discover an Aether village or landmark,verify_item_entity_biome_structure_or_advancement,"Exact installed version, registry ID, natural obtainability and quest trigger to be verified",additional_content_candidate_not_implemented
ao_extra_aether_03,ambient_odyssey:aether,The Aether + Deep Aether,2–7,Identify dungeon tiers and guardian mechanics,verify_item_entity_biome_structure_or_advancement,"Exact installed version, registry ID, natural obtainability and quest trigger to be verified",additional_content_candidate_not_implemented
ao_extra_aether_04,ambient_odyssey:aether,The Aether + Deep Aether,2–7,Find a Bronze Dungeon,verify_item_entity_biome_structure_or_advancement,"Exact installed version, registry ID, natural obtainability and quest trigger to be verified",additional_content_candidate_not_implemented
ao_extra_aether_05,ambient_odyssey:aether,The Aether + Deep Aether,2–7,Recover a dungeon-specific reward,verify_item_entity_biome_structure_or_advancement,"Exact installed version, registry ID, natural obtainability and quest trigger to be verified",additional_content_candidate_not_implemented
ao_extra_aether_06,ambient_odyssey:aether,The Aether + Deep Aether,2–7,Learn native sky traversal materials,information_or_custom,"Exact installed version, registry ID, natural obtainability and quest trigger to be verified",additional_content_candidate_not_implemented
ao_extra_aether_07,ambient_odyssey:aether,The Aether + Deep Aether,2–7,Acquire a special Aether tool,verify_item_entity_biome_structure_or_advancement,"Exact installed version, registry ID, natural obtainability and quest trigger to be verified",additional_content_candidate_not_implemented
ao_extra_aether_08,ambient_odyssey:aether,The Aether + Deep Aether,2–7,Visit a Deep Aether biome,verify_item_entity_biome_structure_or_advancement,"Exact installed version, registry ID, natural obtainability and quest trigger to be verified",additional_content_candidate_not_implemented
ao_extra_aether_09,ambient_odyssey:aether,The Aether + Deep Aether,2–7,Discover a Deep Aether ruin,verify_item_entity_biome_structure_or_advancement,"Exact installed version, registry ID, natural obtainability and quest trigger to be verified",additional_content_candidate_not_implemented
ao_extra_aether_10,ambient_odyssey:aether,The Aether + Deep Aether,2–7,Complete a Deep Aether material milestone,verify_item_entity_biome_structure_or_advancement,"Exact installed version, registry ID, natural obtainability and quest trigger to be verified",additional_content_candidate_not_implemented
ao_extra_aether_11,ambient_odyssey:aether,The Aether + Deep Aether,2–7,Study current Silver Dungeon availability,information_or_custom,"Exact installed version, registry ID, natural obtainability and quest trigger to be verified",additional_content_candidate_not_implemented
ao_extra_aether_12,ambient_odyssey:aether,The Aether + Deep Aether,2–7,Conquer a verified higher-tier sky challenge,verify_item_entity_biome_structure_or_advancement,"Exact installed version, registry ID, natural obtainability and quest trigger to be verified",additional_content_candidate_not_implemented
ao_extra_twilight_01,ambient_odyssey:twilight,Twilight Forest 1.21.1,2–8,Understand biome progression protections,information_or_custom,"Exact installed version, registry ID, natural obtainability and quest trigger to be verified",additional_content_candidate_not_implemented
ao_extra_twilight_02,ambient_odyssey:twilight,Twilight Forest 1.21.1,2–8,Explore an early Hollow Hill,verify_item_entity_biome_structure_or_advancement,"Exact installed version, registry ID, natural obtainability and quest trigger to be verified",additional_content_candidate_not_implemented
ao_extra_twilight_03,ambient_odyssey:twilight,Twilight Forest 1.21.1,2–8,Find a dungeon navigation map,verify_item_entity_biome_structure_or_advancement,"Exact installed version, registry ID, natural obtainability and quest trigger to be verified",additional_content_candidate_not_implemented
ao_extra_twilight_04,ambient_odyssey:twilight,Twilight Forest 1.21.1,2–8,Acquire a useful Twilight material,verify_item_entity_biome_structure_or_advancement,"Exact installed version, registry ID, natural obtainability and quest trigger to be verified",additional_content_candidate_not_implemented
ao_extra_twilight_05,ambient_odyssey:twilight,Twilight Forest 1.21.1,2–8,Enter a major tower,verify_item_entity_biome_structure_or_advancement,"Exact installed version, registry ID, natural obtainability and quest trigger to be verified",additional_content_candidate_not_implemented
ao_extra_twilight_06,ambient_odyssey:twilight,Twilight Forest 1.21.1,2–8,Discover Dark Forest dangers,verify_item_entity_biome_structure_or_advancement,"Exact installed version, registry ID, natural obtainability and quest trigger to be verified",additional_content_candidate_not_implemented
ao_extra_twilight_07,ambient_odyssey:twilight,Twilight Forest 1.21.1,2–8,Find a Knight Stronghold,verify_item_entity_biome_structure_or_advancement,"Exact installed version, registry ID, natural obtainability and quest trigger to be verified",additional_content_candidate_not_implemented
ao_extra_twilight_08,ambient_odyssey:twilight,Twilight Forest 1.21.1,2–8,Recover a special Fiery Swamp material,verify_item_entity_biome_structure_or_advancement,"Exact installed version, registry ID, natural obtainability and quest trigger to be verified",additional_content_candidate_not_implemented
ao_extra_twilight_09,ambient_odyssey:twilight,Twilight Forest 1.21.1,2–8,Investigate final Highlands accessibility,information_or_custom,"Exact installed version, registry ID, natural obtainability and quest trigger to be verified",additional_content_candidate_not_implemented
ao_extra_twilight_10,ambient_odyssey:twilight,Twilight Forest 1.21.1,2–8,Inspect unique Snowfield hazards,information_or_custom,"Exact installed version, registry ID, natural obtainability and quest trigger to be verified",additional_content_candidate_not_implemented
ao_extra_twilight_11,ambient_odyssey:twilight,Twilight Forest 1.21.1,2–8,Obtain a meaningful optional boss reward,verify_item_entity_biome_structure_or_advancement,"Exact installed version, registry ID, natural obtainability and quest trigger to be verified",additional_content_candidate_not_implemented
ao_extra_twilight_12,ambient_odyssey:twilight,Twilight Forest 1.21.1,2–8,Record a native Twilight crafting milestone,information_or_custom,"Exact installed version, registry ID, natural obtainability and quest trigger to be verified",additional_content_candidate_not_implemented
ao_extra_end_eyes_01,ambient_odyssey:end_eyes,End Remastered 6.3.0,2–6,Learn the twelve-distinct-eye portal requirement,information_or_custom,"Exact installed version, registry ID, natural obtainability and quest trigger to be verified",additional_content_candidate_not_implemented
ao_extra_end_eyes_02,ambient_odyssey:end_eyes,End Remastered 6.3.0,2–6,Find an eye from exploration,verify_item_entity_biome_structure_or_advancement,"Exact installed version, registry ID, natural obtainability and quest trigger to be verified",additional_content_candidate_not_implemented
ao_extra_end_eyes_03,ambient_odyssey:end_eyes,End Remastered 6.3.0,2–6,Obtain an eye from combat,verify_item_entity_biome_structure_or_advancement,"Exact installed version, registry ID, natural obtainability and quest trigger to be verified",additional_content_candidate_not_implemented
ao_extra_end_eyes_04,ambient_odyssey:end_eyes,End Remastered 6.3.0,2–6,Find an eye from a different source family,verify_item_entity_biome_structure_or_advancement,"Exact installed version, registry ID, natural obtainability and quest trigger to be verified",additional_content_candidate_not_implemented
ao_extra_end_eyes_05,ambient_odyssey:end_eyes,End Remastered 6.3.0,2–6,Record which eye variants are still missing,information_or_custom,"Exact installed version, registry ID, natural obtainability and quest trigger to be verified",additional_content_candidate_not_implemented
ao_extra_end_eyes_06,ambient_odyssey:end_eyes,End Remastered 6.3.0,2–6,Examine the Stronghold frame configuration,verify_item_entity_biome_structure_or_advancement,"Exact installed version, registry ID, natural obtainability and quest trigger to be verified",additional_content_candidate_not_implemented
ao_extra_end_eyes_07,ambient_odyssey:end_eyes,End Remastered 6.3.0,2–6,Investigate optional eye-source clues,information_or_custom,"Exact installed version, registry ID, natural obtainability and quest trigger to be verified",additional_content_candidate_not_implemented
ao_extra_end_eyes_08,ambient_odyssey:end_eyes,End Remastered 6.3.0,2–6,Recover your final required distinct eye,verify_item_entity_biome_structure_or_advancement,"Exact installed version, registry ID, natural obtainability and quest trigger to be verified",additional_content_candidate_not_implemented
ao_extra_end_eyes_09,ambient_odyssey:end_eyes,End Remastered 6.3.0,2–6,Place an appropriate set of twelve eyes,verify_item_entity_biome_structure_or_advancement,"Exact installed version, registry ID, natural obtainability and quest trigger to be verified",additional_content_candidate_not_implemented
ao_extra_end_eyes_10,ambient_odyssey:end_eyes,End Remastered 6.3.0,2–6,Start an optional surplus-eyes collection,verify_item_entity_biome_structure_or_advancement,"Exact installed version, registry ID, natural obtainability and quest trigger to be verified",additional_content_candidate_not_implemented
ao_extra_ars_01,ambient_odyssey:ars,Ars Nouveau 5.13.3,1–7,Read the Worn Notebook,information_or_custom,"Exact installed version, registry ID, natural obtainability and quest trigger to be verified",additional_content_candidate_not_implemented
ao_extra_ars_02,ambient_odyssey:ars,Ars Nouveau 5.13.3,1–7,Create a first utility spell,verify_item_entity_biome_structure_or_advancement,"Exact installed version, registry ID, natural obtainability and quest trigger to be verified",additional_content_candidate_not_implemented
ao_extra_ars_03,ambient_odyssey:ars,Ars Nouveau 5.13.3,1–7,Compare touch and projectile spell forms,information_or_custom,"Exact installed version, registry ID, natural obtainability and quest trigger to be verified",additional_content_candidate_not_implemented
ao_extra_ars_04,ambient_odyssey:ars,Ars Nouveau 5.13.3,1–7,Build a basic Source generation setup,verify_item_entity_biome_structure_or_advancement,"Exact installed version, registry ID, natural obtainability and quest trigger to be verified",additional_content_candidate_not_implemented
ao_extra_ars_05,ambient_odyssey:ars,Ars Nouveau 5.13.3,1–7,Craft a Source Jar,verify_item_entity_biome_structure_or_advancement,"Exact installed version, registry ID, natural obtainability and quest trigger to be verified",additional_content_candidate_not_implemented
ao_extra_ars_06,ambient_odyssey:ars,Ars Nouveau 5.13.3,1–7,Learn glyph modifiers and mana cost,information_or_custom,"Exact installed version, registry ID, natural obtainability and quest trigger to be verified",additional_content_candidate_not_implemented
ao_extra_ars_07,ambient_odyssey:ars,Ars Nouveau 5.13.3,1–7,Unlock a new glyph,verify_item_entity_biome_structure_or_advancement,"Exact installed version, registry ID, natural obtainability and quest trigger to be verified",additional_content_candidate_not_implemented
ao_extra_ars_08,ambient_odyssey:ars,Ars Nouveau 5.13.3,1–7,Discover Archwood where available,verify_item_entity_biome_structure_or_advancement,"Exact installed version, registry ID, natural obtainability and quest trigger to be verified",additional_content_candidate_not_implemented
ao_extra_ars_09,ambient_odyssey:ars,Ars Nouveau 5.13.3,1–7,Cast a movement or building utility spell,verify_item_entity_biome_structure_or_advancement,"Exact installed version, registry ID, natural obtainability and quest trigger to be verified",additional_content_candidate_not_implemented
ao_extra_ars_10,ambient_odyssey:ars,Ars Nouveau 5.13.3,1–7,Complete an early ritual,verify_item_entity_biome_structure_or_advancement,"Exact installed version, registry ID, natural obtainability and quest trigger to be verified",additional_content_candidate_not_implemented
ao_extra_ars_11,ambient_odyssey:ars,Ars Nouveau 5.13.3,1–7,Learn an Ars magical helper,information_or_custom,"Exact installed version, registry ID, natural obtainability and quest trigger to be verified",additional_content_candidate_not_implemented
ao_extra_ars_12,ambient_odyssey:ars,Ars Nouveau 5.13.3,1–7,Try a noncombat automation,verify_item_entity_biome_structure_or_advancement,"Exact installed version, registry ID, natural obtainability and quest trigger to be verified",additional_content_candidate_not_implemented
ao_extra_ars_13,ambient_odyssey:ars,Ars Nouveau 5.13.3,1–7,Upgrade a spellbook tier,verify_item_entity_biome_structure_or_advancement,"Exact installed version, registry ID, natural obtainability and quest trigger to be verified",additional_content_candidate_not_implemented
ao_extra_ars_14,ambient_odyssey:ars,Ars Nouveau 5.13.3,1–7,Combine a combat and utility spell,verify_item_entity_biome_structure_or_advancement,"Exact installed version, registry ID, natural obtainability and quest trigger to be verified",additional_content_candidate_not_implemented
ao_extra_iron_magic_01,ambient_odyssey:iron_magic,Iron's Spellbooks 3.16.3,1–8,Learn scroll versus spellbook progression,information_or_custom,"Exact installed version, registry ID, natural obtainability and quest trigger to be verified",additional_content_candidate_not_implemented
ao_extra_iron_magic_02,ambient_odyssey:iron_magic,Iron's Spellbooks 3.16.3,1–8,Understand spell rarity versus level,information_or_custom,"Exact installed version, registry ID, natural obtainability and quest trigger to be verified",additional_content_candidate_not_implemented
ao_extra_iron_magic_03,ambient_odyssey:iron_magic,Iron's Spellbooks 3.16.3,1–8,Acquire two different spell schools,verify_item_entity_biome_structure_or_advancement,"Exact installed version, registry ID, natural obtainability and quest trigger to be verified",additional_content_candidate_not_implemented
ao_extra_iron_magic_04,ambient_odyssey:iron_magic,Iron's Spellbooks 3.16.3,1–8,Find a wizard's tower,verify_item_entity_biome_structure_or_advancement,"Exact installed version, registry ID, natural obtainability and quest trigger to be verified",additional_content_candidate_not_implemented
ao_extra_iron_magic_05,ambient_odyssey:iron_magic,Iron's Spellbooks 3.16.3,1–8,Craft a spellbook improvement,verify_item_entity_biome_structure_or_advancement,"Exact installed version, registry ID, natural obtainability and quest trigger to be verified",additional_content_candidate_not_implemented
ao_extra_iron_magic_06,ambient_odyssey:iron_magic,Iron's Spellbooks 3.16.3,1–8,Learn mana recovery and cooldowns,information_or_custom,"Exact installed version, registry ID, natural obtainability and quest trigger to be verified",additional_content_candidate_not_implemented
ao_extra_iron_magic_07,ambient_odyssey:iron_magic,Iron's Spellbooks 3.16.3,1–8,Find a spell-school accessory,verify_item_entity_biome_structure_or_advancement,"Exact installed version, registry ID, natural obtainability and quest trigger to be verified",additional_content_candidate_not_implemented
ao_extra_iron_magic_08,ambient_odyssey:iron_magic,Iron's Spellbooks 3.16.3,1–8,Visit an advanced mage location,verify_item_entity_biome_structure_or_advancement,"Exact installed version, registry ID, natural obtainability and quest trigger to be verified",additional_content_candidate_not_implemented
ao_extra_iron_magic_09,ambient_odyssey:iron_magic,Iron's Spellbooks 3.16.3,1–8,Defeat an active native spellcaster boss,verify_item_entity_biome_structure_or_advancement,"Exact installed version, registry ID, natural obtainability and quest trigger to be verified",additional_content_candidate_not_implemented
ao_extra_iron_magic_10,ambient_odyssey:iron_magic,Iron's Spellbooks 3.16.3,1–8,Find a high-rarity spell scroll,verify_item_entity_biome_structure_or_advancement,"Exact installed version, registry ID, natural obtainability and quest trigger to be verified",additional_content_candidate_not_implemented
ao_extra_iron_magic_11,ambient_odyssey:iron_magic,Iron's Spellbooks 3.16.3,1–8,Use a mobility or utility spell,verify_item_entity_biome_structure_or_advancement,"Exact installed version, registry ID, natural obtainability and quest trigger to be verified",additional_content_candidate_not_implemented
ao_extra_iron_magic_12,ambient_odyssey:iron_magic,Iron's Spellbooks 3.16.3,1–8,Discover a Traveloptics ability,verify_item_entity_biome_structure_or_advancement,"Exact installed version, registry ID, natural obtainability and quest trigger to be verified",additional_content_candidate_not_implemented
ao_extra_iron_magic_13,ambient_odyssey:iron_magic,Iron's Spellbooks 3.16.3,1–8,Prepare for a magic-resistance encounter,information_or_custom,"Exact installed version, registry ID, natural obtainability and quest trigger to be verified",additional_content_candidate_not_implemented
ao_extra_iron_magic_14,ambient_odyssey:iron_magic,Iron's Spellbooks 3.16.3,1–8,Try a viable melee-magic hybrid,verify_item_entity_biome_structure_or_advancement,"Exact installed version, registry ID, natural obtainability and quest trigger to be verified",additional_content_candidate_not_implemented
ao_extra_apotheosis_01,ambient_odyssey:apotheosis,Apotheosis 8.9.0,1–8,Learn actual Eterna Quanta Arcana values,information_or_custom,"Exact installed version, registry ID, natural obtainability and quest trigger to be verified",additional_content_candidate_not_implemented
ao_extra_apotheosis_02,ambient_odyssey:apotheosis,Apotheosis 8.9.0,1–8,Build starter enchanted bookshelf array,verify_item_entity_biome_structure_or_advancement,"Exact installed version, registry ID, natural obtainability and quest trigger to be verified",additional_content_candidate_not_implemented
ao_extra_apotheosis_03,ambient_odyssey:apotheosis,Apotheosis 8.9.0,1–8,Upgrade an enchanting shelf,verify_item_entity_biome_structure_or_advancement,"Exact installed version, registry ID, natural obtainability and quest trigger to be verified",additional_content_candidate_not_implemented
ao_extra_apotheosis_04,ambient_odyssey:apotheosis,Apotheosis 8.9.0,1–8,Identify a naturally generated affixed mob,verify_item_entity_biome_structure_or_advancement,"Exact installed version, registry ID, natural obtainability and quest trigger to be verified",additional_content_candidate_not_implemented
ao_extra_apotheosis_05,ambient_odyssey:apotheosis,Apotheosis 8.9.0,1–8,Inspect affix gear rarity,information_or_custom,"Exact installed version, registry ID, natural obtainability and quest trigger to be verified",additional_content_candidate_not_implemented
ao_extra_apotheosis_06,ambient_odyssey:apotheosis,Apotheosis 8.9.0,1–8,Salvage a lower-grade affix item,verify_item_entity_biome_structure_or_advancement,"Exact installed version, registry ID, natural obtainability and quest trigger to be verified",additional_content_candidate_not_implemented
ao_extra_apotheosis_07,ambient_odyssey:apotheosis,Apotheosis 8.9.0,1–8,Reforge a valid equipment item,verify_item_entity_biome_structure_or_advancement,"Exact installed version, registry ID, natural obtainability and quest trigger to be verified",additional_content_candidate_not_implemented
ao_extra_apotheosis_08,ambient_odyssey:apotheosis,Apotheosis 8.9.0,1–8,Acquire an Apotheosis gem,verify_item_entity_biome_structure_or_advancement,"Exact installed version, registry ID, natural obtainability and quest trigger to be verified",additional_content_candidate_not_implemented
ao_extra_apotheosis_09,ambient_odyssey:apotheosis,Apotheosis 8.9.0,1–8,Socket a gem into compatible gear,verify_item_entity_biome_structure_or_advancement,"Exact installed version, registry ID, natural obtainability and quest trigger to be verified",additional_content_candidate_not_implemented
ao_extra_apotheosis_10,ambient_odyssey:apotheosis,Apotheosis 8.9.0,1–8,Compare affixes for a selected boss,information_or_custom,"Exact installed version, registry ID, natural obtainability and quest trigger to be verified",additional_content_candidate_not_implemented
ao_extra_apotheosis_11,ambient_odyssey:apotheosis,Apotheosis 8.9.0,1–8,Research current spawner modifier rules,information_or_custom,"Exact installed version, registry ID, natural obtainability and quest trigger to be verified",additional_content_candidate_not_implemented
ao_extra_apotheosis_12,ambient_odyssey:apotheosis,Apotheosis 8.9.0,1–8,Test one optional spawner upgrade,verify_item_entity_biome_structure_or_advancement,"Exact installed version, registry ID, natural obtainability and quest trigger to be verified",additional_content_candidate_not_implemented
ao_extra_apotheosis_13,ambient_odyssey:apotheosis,Apotheosis 8.9.0,1–8,Assess stacked gem effects and limits,verify_item_entity_biome_structure_or_advancement,"Exact installed version, registry ID, natural obtainability and quest trigger to be verified",additional_content_candidate_not_implemented
ao_extra_apotheosis_14,ambient_odyssey:apotheosis,Apotheosis 8.9.0,1–8,Build a balanced late-game affix loadout,verify_item_entity_biome_structure_or_advancement,"Exact installed version, registry ID, natural obtainability and quest trigger to be verified",additional_content_candidate_not_implemented
ao_extra_cataclysm_01,ambient_odyssey:cataclysm,L_Ender's Cataclysm 3.33,4–8,Discover and mark a danger-tiered arena,verify_item_entity_biome_structure_or_advancement,"Exact installed version, registry ID, natural obtainability and quest trigger to be verified",additional_content_candidate_not_implemented
ao_extra_cataclysm_02,ambient_odyssey:cataclysm,L_Ender's Cataclysm 3.33,4–8,Defeat an appropriate early boss,verify_item_entity_biome_structure_or_advancement,"Exact installed version, registry ID, natural obtainability and quest trigger to be verified",additional_content_candidate_not_implemented
ao_extra_cataclysm_03,ambient_odyssey:cataclysm,L_Ender's Cataclysm 3.33,4–8,Claim a genuine boss drop,verify_item_entity_biome_structure_or_advancement,"Exact installed version, registry ID, natural obtainability and quest trigger to be verified",additional_content_candidate_not_implemented
ao_extra_cataclysm_04,ambient_odyssey:cataclysm,L_Ender's Cataclysm 3.33,4–8,Learn a phase warning,information_or_custom,"Exact installed version, registry ID, natural obtainability and quest trigger to be verified",additional_content_candidate_not_implemented
ao_extra_cataclysm_05,ambient_odyssey:cataclysm,L_Ender's Cataclysm 3.33,4–8,Investigate an Ancient Remnant encounter,information_or_custom,"Exact installed version, registry ID, natural obtainability and quest trigger to be verified",additional_content_candidate_not_implemented
ao_extra_cataclysm_06,ambient_odyssey:cataclysm,L_Ender's Cataclysm 3.33,4–8,Investigate a Harbinger encounter,information_or_custom,"Exact installed version, registry ID, natural obtainability and quest trigger to be verified",additional_content_candidate_not_implemented
ao_extra_cataclysm_07,ambient_odyssey:cataclysm,L_Ender's Cataclysm 3.33,4–8,Learn a key Ignis countermeasure,information_or_custom,"Exact installed version, registry ID, natural obtainability and quest trigger to be verified",additional_content_candidate_not_implemented
ao_extra_cataclysm_08,ambient_odyssey:cataclysm,L_Ender's Cataclysm 3.33,4–8,Prepare for Maledictus mechanics,information_or_custom,"Exact installed version, registry ID, natural obtainability and quest trigger to be verified",additional_content_candidate_not_implemented
ao_extra_cataclysm_09,ambient_odyssey:cataclysm,L_Ender's Cataclysm 3.33,4–8,Study Scylla's arena hazard,information_or_custom,"Exact installed version, registry ID, natural obtainability and quest trigger to be verified",additional_content_candidate_not_implemented
ao_extra_cataclysm_10,ambient_odyssey:cataclysm,L_Ender's Cataclysm 3.33,4–8,Compare boss-weapon utility,information_or_custom,"Exact installed version, registry ID, natural obtainability and quest trigger to be verified",additional_content_candidate_not_implemented
ao_extra_cataclysm_11,ambient_odyssey:cataclysm,L_Ender's Cataclysm 3.33,4–8,Upgrade a boss-drop weapon,verify_item_entity_biome_structure_or_advancement,"Exact installed version, registry ID, natural obtainability and quest trigger to be verified",additional_content_candidate_not_implemented
ao_extra_cataclysm_12,ambient_odyssey:cataclysm,L_Ender's Cataclysm 3.33,4–8,Document a specialist combat build,information_or_custom,"Exact installed version, registry ID, natural obtainability and quest trigger to be verified",additional_content_candidate_not_implemented
ao_extra_iceandfire_01,ambient_odyssey:iceandfire,Ice and Fire CE 2.1.3,2–8,Observe a non-dragon mythical creature,verify_item_entity_biome_structure_or_advancement,"Exact installed version, registry ID, natural obtainability and quest trigger to be verified",additional_content_candidate_not_implemented
ao_extra_iceandfire_02,ambient_odyssey:iceandfire,Ice and Fire CE 2.1.3,2–8,Recognize a Cyclops habitat,verify_item_entity_biome_structure_or_advancement,"Exact installed version, registry ID, natural obtainability and quest trigger to be verified",additional_content_candidate_not_implemented
ao_extra_iceandfire_03,ambient_odyssey:iceandfire,Ice and Fire CE 2.1.3,2–8,Research Gorgon counterplay,information_or_custom,"Exact installed version, registry ID, natural obtainability and quest trigger to be verified",additional_content_candidate_not_implemented
ao_extra_iceandfire_04,ambient_odyssey:iceandfire,Ice and Fire CE 2.1.3,2–8,Investigate Sirens or another water hazard,information_or_custom,"Exact installed version, registry ID, natural obtainability and quest trigger to be verified",additional_content_candidate_not_implemented
ao_extra_iceandfire_05,ambient_odyssey:iceandfire,Ice and Fire CE 2.1.3,2–8,Discover a dragon roost,verify_item_entity_biome_structure_or_advancement,"Exact installed version, registry ID, natural obtainability and quest trigger to be verified",additional_content_candidate_not_implemented
ao_extra_iceandfire_06,ambient_odyssey:iceandfire,Ice and Fire CE 2.1.3,2–8,Understand dragon growth stages,information_or_custom,"Exact installed version, registry ID, natural obtainability and quest trigger to be verified",additional_content_candidate_not_implemented
ao_extra_iceandfire_07,ambient_odyssey:iceandfire,Ice and Fire CE 2.1.3,2–8,Prepare for fire dragons,information_or_custom,"Exact installed version, registry ID, natural obtainability and quest trigger to be verified",additional_content_candidate_not_implemented
ao_extra_iceandfire_08,ambient_odyssey:iceandfire,Ice and Fire CE 2.1.3,2–8,Prepare for ice dragons,information_or_custom,"Exact installed version, registry ID, natural obtainability and quest trigger to be verified",additional_content_candidate_not_implemented
ao_extra_iceandfire_09,ambient_odyssey:iceandfire,Ice and Fire CE 2.1.3,2–8,Investigate lightning dragon habitat if present,information_or_custom,"Exact installed version, registry ID, natural obtainability and quest trigger to be verified",additional_content_candidate_not_implemented
ao_extra_iceandfire_10,ambient_odyssey:iceandfire,Ice and Fire CE 2.1.3,2–8,Locate a real underground dragon cave,verify_item_entity_biome_structure_or_advancement,"Exact installed version, registry ID, natural obtainability and quest trigger to be verified",additional_content_candidate_not_implemented
ao_extra_iceandfire_11,ambient_odyssey:iceandfire,Ice and Fire CE 2.1.3,2–8,Defeat a properly tiered dragon,verify_item_entity_biome_structure_or_advancement,"Exact installed version, registry ID, natural obtainability and quest trigger to be verified",additional_content_candidate_not_implemented
ao_extra_iceandfire_12,ambient_odyssey:iceandfire,Ice and Fire CE 2.1.3,2–8,Investigate egg mechanics when active,information_or_custom,"Exact installed version, registry ID, natural obtainability and quest trigger to be verified",additional_content_candidate_not_implemented
ao_extra_iceandfire_13,ambient_odyssey:iceandfire,Ice and Fire CE 2.1.3,2–8,Craft a dragon-material upgrade,verify_item_entity_biome_structure_or_advancement,"Exact installed version, registry ID, natural obtainability and quest trigger to be verified",additional_content_candidate_not_implemented
ao_extra_iceandfire_14,ambient_odyssey:iceandfire,Ice and Fire CE 2.1.3,2–8,Record one non-dragon field-guide encounter,information_or_custom,"Exact installed version, registry ID, natural obtainability and quest trigger to be verified",additional_content_candidate_not_implemented
ao_extra_enigmatic_normal_01,ambient_odyssey:enigmatic_normal,Enigmatic Legacy Plus 1.1.2,2–7,Verify a non-cursed Amulet of Radiance route,verify_item_entity_biome_structure_or_advancement,"Exact installed version, registry ID, natural obtainability and quest trigger to be verified",additional_content_candidate_not_implemented
ao_extra_enigmatic_normal_02,ambient_odyssey:enigmatic_normal,Enigmatic Legacy Plus 1.1.2,2–7,Research the Resonator of Spell,information_or_custom,"Exact installed version, registry ID, natural obtainability and quest trigger to be verified",additional_content_candidate_not_implemented
ao_extra_enigmatic_normal_03,ambient_odyssey:enigmatic_normal,Enigmatic Legacy Plus 1.1.2,2–7,Investigate the Flawless Forging Gem,information_or_custom,"Exact installed version, registry ID, natural obtainability and quest trigger to be verified",additional_content_candidate_not_implemented
ao_extra_enigmatic_normal_04,ambient_odyssey:enigmatic_normal,Enigmatic Legacy Plus 1.1.2,2–7,Learn about a normal-route forging resource,information_or_custom,"Exact installed version, registry ID, natural obtainability and quest trigger to be verified",additional_content_candidate_not_implemented
ao_extra_enigmatic_normal_05,ambient_odyssey:enigmatic_normal,Enigmatic Legacy Plus 1.1.2,2–7,Compare two non-cursed artifacts,information_or_custom,"Exact installed version, registry ID, natural obtainability and quest trigger to be verified",additional_content_candidate_not_implemented
ao_extra_enigmatic_normal_06,ambient_odyssey:enigmatic_normal,Enigmatic Legacy Plus 1.1.2,2–7,Inspect a Tome of Void mechanic,information_or_custom,"Exact installed version, registry ID, natural obtainability and quest trigger to be verified",additional_content_candidate_not_implemented
ao_extra_enigmatic_normal_07,ambient_odyssey:enigmatic_normal,Enigmatic Legacy Plus 1.1.2,2–7,Investigate ordinary Curios slot restrictions,information_or_custom,"Exact installed version, registry ID, natural obtainability and quest trigger to be verified",additional_content_candidate_not_implemented
ao_extra_enigmatic_normal_08,ambient_odyssey:enigmatic_normal,Enigmatic Legacy Plus 1.1.2,2–7,Complete a non-cursed equipment build,verify_item_entity_biome_structure_or_advancement,"Exact installed version, registry ID, natural obtainability and quest trigger to be verified",additional_content_candidate_not_implemented
ao_extra_enigmatic_cursed_01,ambient_odyssey:enigmatic_cursed,Enigmatic Legacy Plus 1.1.2,3–8,Read accurate Seven Curses disadvantages,information_or_custom,"Exact installed version, registry ID, natural obtainability and quest trigger to be verified",additional_content_candidate_not_implemented
ao_extra_enigmatic_cursed_02,ambient_odyssey:enigmatic_cursed,Enigmatic Legacy Plus 1.1.2,3–8,Verify explicit cursed-state opt-in,verify_item_entity_biome_structure_or_advancement,"Exact installed version, registry ID, natural obtainability and quest trigger to be verified",additional_content_candidate_not_implemented
ao_extra_enigmatic_cursed_03,ambient_odyssey:enigmatic_cursed,Enigmatic Legacy Plus 1.1.2,3–8,Acquire a cursed-only component,verify_item_entity_biome_structure_or_advancement,"Exact installed version, registry ID, natural obtainability and quest trigger to be verified",additional_content_candidate_not_implemented
ao_extra_enigmatic_cursed_04,ambient_odyssey:enigmatic_cursed,Enigmatic Legacy Plus 1.1.2,3–8,Prepare a cursed survival build,information_or_custom,"Exact installed version, registry ID, natural obtainability and quest trigger to be verified",additional_content_candidate_not_implemented
ao_extra_enigmatic_cursed_05,ambient_odyssey:enigmatic_cursed,Enigmatic Legacy Plus 1.1.2,3–8,Learn an artifact's curse-gated effect,information_or_custom,"Exact installed version, registry ID, natural obtainability and quest trigger to be verified",additional_content_candidate_not_implemented
ao_extra_enigmatic_cursed_06,ambient_odyssey:enigmatic_cursed,Enigmatic Legacy Plus 1.1.2,3–8,Win a challenge with the curse active,verify_item_entity_biome_structure_or_advancement,"Exact installed version, registry ID, natural obtainability and quest trigger to be verified",additional_content_candidate_not_implemented
ao_extra_enigmatic_cursed_07,ambient_odyssey:enigmatic_cursed,Enigmatic Legacy Plus 1.1.2,3–8,Craft a verified cursed-only relic,verify_item_entity_biome_structure_or_advancement,"Exact installed version, registry ID, natural obtainability and quest trigger to be verified",additional_content_candidate_not_implemented
ao_extra_enigmatic_cursed_08,ambient_odyssey:enigmatic_cursed,Enigmatic Legacy Plus 1.1.2,3–8,Complete an optional cursed mastery test,verify_item_entity_biome_structure_or_advancement,"Exact installed version, registry ID, natural obtainability and quest trigger to be verified",additional_content_candidate_not_implemented
ao_extra_aquamirae_01,ambient_odyssey:aquamirae,Aquamirae 7.2.10,2–6,Research Deep Frozen Ocean environmental hazards,information_or_custom,"Exact installed version, registry ID, natural obtainability and quest trigger to be verified",additional_content_candidate_not_implemented
ao_extra_aquamirae_02,ambient_odyssey:aquamirae,Aquamirae 7.2.10,2–6,Discover a pirate camp,verify_item_entity_biome_structure_or_advancement,"Exact installed version, registry ID, natural obtainability and quest trigger to be verified",additional_content_candidate_not_implemented
ao_extra_aquamirae_03,ambient_odyssey:aquamirae,Aquamirae 7.2.10,2–6,Find a unique Aquamirae side location,verify_item_entity_biome_structure_or_advancement,"Exact installed version, registry ID, natural obtainability and quest trigger to be verified",additional_content_candidate_not_implemented
ao_extra_aquamirae_04,ambient_odyssey:aquamirae,Aquamirae 7.2.10,2–6,Compare Eel versus Mother of the Maze,information_or_custom,"Exact installed version, registry ID, natural obtainability and quest trigger to be verified",additional_content_candidate_not_implemented
ao_extra_aquamirae_05,ambient_odyssey:aquamirae,Aquamirae 7.2.10,2–6,Acquire a special Aquamirae weapon,verify_item_entity_biome_structure_or_advancement,"Exact installed version, registry ID, natural obtainability and quest trigger to be verified",additional_content_candidate_not_implemented
ao_extra_aquamirae_06,ambient_odyssey:aquamirae,Aquamirae 7.2.10,2–6,Examine a rare nautical artifact,verify_item_entity_biome_structure_or_advancement,"Exact installed version, registry ID, natural obtainability and quest trigger to be verified",additional_content_candidate_not_implemented
ao_extra_aquamirae_07,ambient_odyssey:aquamirae,Aquamirae 7.2.10,2–6,Prepare specifically for Captain Cornelia,information_or_custom,"Exact installed version, registry ID, natural obtainability and quest trigger to be verified",additional_content_candidate_not_implemented
ao_extra_aquamirae_08,ambient_odyssey:aquamirae,Aquamirae 7.2.10,2–6,Explore a post-boss treasure reward,verify_item_entity_biome_structure_or_advancement,"Exact installed version, registry ID, natural obtainability and quest trigger to be verified",additional_content_candidate_not_implemented
ao_extra_undergarden_01,ambient_odyssey:undergarden,The Undergarden 0.9.6,2–6,Verify the current realm portal recipe,verify_item_entity_biome_structure_or_advancement,"Exact installed version, registry ID, natural obtainability and quest trigger to be verified",additional_content_candidate_not_implemented
ao_extra_undergarden_02,ambient_odyssey:undergarden,The Undergarden 0.9.6,2–6,Survey two native biomes,verify_item_entity_biome_structure_or_advancement,"Exact installed version, registry ID, natural obtainability and quest trigger to be verified",additional_content_candidate_not_implemented
ao_extra_undergarden_03,ambient_odyssey:undergarden,The Undergarden 0.9.6,2–6,Learn the important native mineral,information_or_custom,"Exact installed version, registry ID, natural obtainability and quest trigger to be verified",additional_content_candidate_not_implemented
ao_extra_undergarden_04,ambient_odyssey:undergarden,The Undergarden 0.9.6,2–6,Observe a neutral or hostile Undergarden creature,verify_item_entity_biome_structure_or_advancement,"Exact installed version, registry ID, natural obtainability and quest trigger to be verified",additional_content_candidate_not_implemented
ao_extra_undergarden_05,ambient_odyssey:undergarden,The Undergarden 0.9.6,2–6,Discover a special subterranean structure,verify_item_entity_biome_structure_or_advancement,"Exact installed version, registry ID, natural obtainability and quest trigger to be verified",additional_content_candidate_not_implemented
ao_extra_undergarden_06,ambient_odyssey:undergarden,The Undergarden 0.9.6,2–6,Learn how to survive its environmental threats,information_or_custom,"Exact installed version, registry ID, natural obtainability and quest trigger to be verified",additional_content_candidate_not_implemented
ao_extra_undergarden_07,ambient_odyssey:undergarden,The Undergarden 0.9.6,2–6,Craft native realm equipment,verify_item_entity_biome_structure_or_advancement,"Exact installed version, registry ID, natural obtainability and quest trigger to be verified",additional_content_candidate_not_implemented
ao_extra_undergarden_08,ambient_odyssey:undergarden,The Undergarden 0.9.6,2–6,Defeat a version-verified guardian,verify_item_entity_biome_structure_or_advancement,"Exact installed version, registry ID, natural obtainability and quest trigger to be verified",additional_content_candidate_not_implemented
ao_extra_equipment_01,ambient_odyssey:equipment,Relics Artifacts Simply Swords,1–8,Compare passive and triggered accessories,information_or_custom,"Exact installed version, registry ID, natural obtainability and quest trigger to be verified",additional_content_candidate_not_implemented
ao_extra_equipment_02,ambient_odyssey:equipment,Relics Artifacts Simply Swords,1–8,Learn a real Relic loot source,information_or_custom,"Exact installed version, registry ID, natural obtainability and quest trigger to be verified",additional_content_candidate_not_implemented
ao_extra_equipment_03,ambient_odyssey:equipment,Relics Artifacts Simply Swords,1–8,Test Relic leveling,verify_item_entity_biome_structure_or_advancement,"Exact installed version, registry ID, natural obtainability and quest trigger to be verified",additional_content_candidate_not_implemented
ao_extra_equipment_04,ambient_odyssey:equipment,Relics Artifacts Simply Swords,1–8,Understand Curios slot exclusivity,information_or_custom,"Exact installed version, registry ID, natural obtainability and quest trigger to be verified",additional_content_candidate_not_implemented
ao_extra_equipment_05,ambient_odyssey:equipment,Relics Artifacts Simply Swords,1–8,Find a second unique weapon archetype,verify_item_entity_biome_structure_or_advancement,"Exact installed version, registry ID, natural obtainability and quest trigger to be verified",additional_content_candidate_not_implemented
ao_extra_equipment_06,ambient_odyssey:equipment,Relics Artifacts Simply Swords,1–8,Choose a weapon for a boss mechanic,verify_item_entity_biome_structure_or_advancement,"Exact installed version, registry ID, natural obtainability and quest trigger to be verified",additional_content_candidate_not_implemented
ao_extra_equipment_07,ambient_odyssey:equipment,Relics Artifacts Simply Swords,1–8,Swap between mobility and sustain supports,verify_item_entity_biome_structure_or_advancement,"Exact installed version, registry ID, natural obtainability and quest trigger to be verified",additional_content_candidate_not_implemented
ao_extra_equipment_08,ambient_odyssey:equipment,Relics Artifacts Simply Swords,1–8,Discover one More Relics unique effect,verify_item_entity_biome_structure_or_advancement,"Exact installed version, registry ID, natural obtainability and quest trigger to be verified",additional_content_candidate_not_implemented
ao_extra_equipment_09,ambient_odyssey:equipment,Relics Artifacts Simply Swords,1–8,Investigate a boss-specific defense accessory,information_or_custom,"Exact installed version, registry ID, natural obtainability and quest trigger to be verified",additional_content_candidate_not_implemented
ao_extra_equipment_10,ambient_odyssey:equipment,Relics Artifacts Simply Swords,1–8,Understand interactions between Origins and gear,information_or_custom,"Exact installed version, registry ID, natural obtainability and quest trigger to be verified",additional_content_candidate_not_implemented
ao_extra_overworld_atlas_01,ambient_odyssey:overworld_atlas,Structures and exploration providers,0–6,Discover a common early-game landmark,verify_item_entity_biome_structure_or_advancement,"Exact installed version, registry ID, natural obtainability and quest trigger to be verified",additional_content_candidate_not_implemented
ao_extra_overworld_atlas_02,ambient_odyssey:overworld_atlas,Structures and exploration providers,0–6,Recognize a high-tier dungeon to revisit later,verify_item_entity_biome_structure_or_advancement,"Exact installed version, registry ID, natural obtainability and quest trigger to be verified",additional_content_candidate_not_implemented
ao_extra_overworld_atlas_03,ambient_odyssey:overworld_atlas,Structures and exploration providers,0–6,Discover a major WDA Overworld structure,verify_item_entity_biome_structure_or_advancement,"Exact installed version, registry ID, natural obtainability and quest trigger to be verified",additional_content_candidate_not_implemented
ao_extra_overworld_atlas_04,ambient_odyssey:overworld_atlas,Structures and exploration providers,0–6,Find a major WDA Seven Seas location,verify_item_entity_biome_structure_or_advancement,"Exact installed version, registry ID, natural obtainability and quest trigger to be verified",additional_content_candidate_not_implemented
ao_extra_overworld_atlas_05,ambient_odyssey:overworld_atlas,Structures and exploration providers,0–6,Locate a naturally generated Archaion temple,verify_item_entity_biome_structure_or_advancement,"Exact installed version, registry ID, natural obtainability and quest trigger to be verified",additional_content_candidate_not_implemented
ao_extra_overworld_atlas_06,ambient_odyssey:overworld_atlas,Structures and exploration providers,0–6,Discover an integrated dungeon,verify_item_entity_biome_structure_or_advancement,"Exact installed version, registry ID, natural obtainability and quest trigger to be verified",additional_content_candidate_not_implemented
ao_extra_overworld_atlas_07,ambient_odyssey:overworld_atlas,Structures and exploration providers,0–6,Identify a boss-bearing structure,verify_item_entity_biome_structure_or_advancement,"Exact installed version, registry ID, natural obtainability and quest trigger to be verified",additional_content_candidate_not_implemented
ao_extra_overworld_atlas_08,ambient_odyssey:overworld_atlas,Structures and exploration providers,0–6,Find a scenic sky landmark,verify_item_entity_biome_structure_or_advancement,"Exact installed version, registry ID, natural obtainability and quest trigger to be verified",additional_content_candidate_not_implemented
ao_extra_overworld_atlas_09,ambient_odyssey:overworld_atlas,Structures and exploration providers,0–6,Explore a rare village variant,verify_item_entity_biome_structure_or_advancement,"Exact installed version, registry ID, natural obtainability and quest trigger to be verified",additional_content_candidate_not_implemented
ao_extra_overworld_atlas_10,ambient_odyssey:overworld_atlas,Structures and exploration providers,0–6,Return later to a dangerous discovered landmark,verify_item_entity_biome_structure_or_advancement,"Exact installed version, registry ID, natural obtainability and quest trigger to be verified",additional_content_candidate_not_implemented
ao_extra_dream_01,ambient_odyssey:dream,NeoPasterDream 0.9.6,2–8,Find a naturally generated Dyedream Crack if AO enables it,Verify real event predicate/advancement or use optional manual objective,"Exact installed JAR, enabled gameplay and registry needs verification",additional_content_candidate_not_implemented
ao_extra_dream_02,ambient_odyssey:dream,NeoPasterDream 0.9.6,2–8,Read Paster's Guide before deep realm travel,Verify real event predicate/advancement or use optional manual objective,"Exact installed JAR, enabled gameplay and registry needs verification",additional_content_candidate_not_implemented
ao_extra_dream_03,ambient_odyssey:dream,NeoPasterDream 0.9.6,2–8,Investigate one of the twelve native tree types in Dyedream,Verify real event predicate/advancement or use optional manual objective,"Exact installed JAR, enabled gameplay and registry needs verification",additional_content_candidate_not_implemented
ao_extra_dream_04,ambient_odyssey:dream,NeoPasterDream 0.9.6,2–8,Investigate Dyedream Farmland's unique crop-growing rule,Verify real event predicate/advancement or use optional manual objective,"Exact installed JAR, enabled gameplay and registry needs verification",additional_content_candidate_not_implemented
ao_extra_dream_05,ambient_odyssey:dream,NeoPasterDream 0.9.6,2–8,Craft or acquire a Dyedream Lantern,Verify real event predicate/advancement or use optional manual objective,"Exact installed JAR, enabled gameplay and registry needs verification",additional_content_candidate_not_implemented
ao_extra_dream_06,ambient_odyssey:dream,NeoPasterDream 0.9.6,2–8,Understand the Garden Decryption flower arrangement puzzle,Verify real event predicate/advancement or use optional manual objective,"Exact installed JAR, enabled gameplay and registry needs verification",additional_content_candidate_not_implemented
ao_extra_dream_07,ambient_odyssey:dream,NeoPasterDream 0.9.6,2–8,Interact with the appropriate flower after correct placement,Verify real event predicate/advancement or use optional manual objective,"Exact installed JAR, enabled gameplay and registry needs verification",additional_content_candidate_not_implemented
ao_extra_dream_08,ambient_odyssey:dream,NeoPasterDream 0.9.6,2–8,Investigate the Snow Golem and Allay flower transformation as optional only,Verify real event predicate/advancement or use optional manual objective,"Exact installed JAR, enabled gameplay and registry needs verification",additional_content_candidate_not_implemented
ao_extra_dream_09,ambient_odyssey:dream,NeoPasterDream 0.9.6,2–8,Observe the Frozen Flower's transformation effect,Verify real event predicate/advancement or use optional manual objective,"Exact installed JAR, enabled gameplay and registry needs verification",additional_content_candidate_not_implemented
ao_extra_dream_10,ambient_odyssey:dream,NeoPasterDream 0.9.6,2–8,Enter the Cold Domain added in 0.9.6,Verify real event predicate/advancement or use optional manual objective,"Exact installed JAR, enabled gameplay and registry needs verification",additional_content_candidate_not_implemented
ao_extra_dream_11,ambient_odyssey:dream,NeoPasterDream 0.9.6,2–8,Compare native Cold Domain terrain with Dyedream,Verify real event predicate/advancement or use optional manual objective,"Exact installed JAR, enabled gameplay and registry needs verification",additional_content_candidate_not_implemented
ao_extra_dream_12,ambient_odyssey:dream,NeoPasterDream 0.9.6,2–8,Learn the twin Aaroncos hands' melee and ranged roles,Verify real event predicate/advancement or use optional manual objective,"Exact installed JAR, enabled gameplay and registry needs verification",additional_content_candidate_not_implemented
ao_extra_dream_13,ambient_odyssey:dream,NeoPasterDream 0.9.6,2–8,Find the actual Aaroncos arena or summon ritual,Verify real event predicate/advancement or use optional manual objective,"Exact installed JAR, enabled gameplay and registry needs verification",additional_content_candidate_not_implemented
ao_extra_dream_14,ambient_odyssey:dream,NeoPasterDream 0.9.6,2–8,Defeat Aaroncos only after verifying boss completion and party credit,Verify real event predicate/advancement or use optional manual objective,"Exact installed JAR, enabled gameplay and registry needs verification",additional_content_candidate_not_implemented
ao_extra_dream_15,ambient_odyssey:dream,NeoPasterDream 0.9.6,2–8,Recover a first version-verified Dreamseeker collectible,Verify real event predicate/advancement or use optional manual objective,"Exact installed JAR, enabled gameplay and registry needs verification",additional_content_candidate_not_implemented
ao_extra_creatures_01,ambient_odyssey:creatures,Opposing Force 3.0.0-beta6,2–7,Understand that certain mobs are post-Nether or post-End per-world gated,Verify real event predicate/advancement or use optional manual objective,"Exact installed JAR, enabled gameplay and registry needs verification",additional_content_candidate_not_implemented
ao_extra_creatures_02,ambient_odyssey:creatures,Opposing Force 3.0.0-beta6,2–7,Encounter a Dicer or Blaster variant from the installed beta,Verify real event predicate/advancement or use optional manual objective,"Exact installed JAR, enabled gameplay and registry needs verification",additional_content_candidate_not_implemented
ao_extra_creatures_03,ambient_odyssey:creatures,Opposing Force 3.0.0-beta6,2–7,Discover a Laser Focus or Slayser-related drop if obtainable,Verify real event predicate/advancement or use optional manual objective,"Exact installed JAR, enabled gameplay and registry needs verification",additional_content_candidate_not_implemented
ao_extra_creatures_04,ambient_odyssey:creatures,Opposing Force 3.0.0-beta6,2–7,Investigate Skyvern spawn timing without promising guaranteed appearance,Verify real event predicate/advancement or use optional manual objective,"Exact installed JAR, enabled gameplay and registry needs verification",additional_content_candidate_not_implemented
ao_extra_creatures_05,ambient_odyssey:creatures,Opposing Force 3.0.0-beta6,2–7,Find an Infested Apple Tree where the Tart may appear if present in beta,Verify real event predicate/advancement or use optional manual objective,"Exact installed JAR, enabled gameplay and registry needs verification",additional_content_candidate_not_implemented
ao_extra_creatures_06,ambient_odyssey:creatures,Opposing Force 3.0.0-beta6,2–7,Learn how the post-End enemy roster differs from the opening Overworld,Verify real event predicate/advancement or use optional manual objective,"Exact installed JAR, enabled gameplay and registry needs verification",additional_content_candidate_not_implemented
ao_extra_creatures_07,ambient_odyssey:creatures,Opposing Force 3.0.0-beta6,2–7,Collect a native item used to build an optional combat tool,Verify real event predicate/advancement or use optional manual objective,"Exact installed JAR, enabled gameplay and registry needs verification",additional_content_candidate_not_implemented
ao_extra_creatures_08,ambient_odyssey:creatures,Opposing Force 3.0.0-beta6,2–7,Defeat a real challenging native mob and record a field-guide entry,Verify real event predicate/advancement or use optional manual objective,"Exact installed JAR, enabled gameplay and registry needs verification",additional_content_candidate_not_implemented
ao_extra_creatures_01,ambient_odyssey:creatures,Hominid 1.3.4,1–5,Encounter a biome-adapted undead humanoid variant,Verify real event predicate/advancement or use optional manual objective,"Exact installed JAR, enabled gameplay and registry needs verification",additional_content_candidate_not_implemented
ao_extra_creatures_02,ambient_odyssey:creatures,Hominid 1.3.4,1–5,Compare two Hominid mob attack styles,Verify real event predicate/advancement or use optional manual objective,"Exact installed JAR, enabled gameplay and registry needs verification",additional_content_candidate_not_implemented
ao_extra_creatures_03,ambient_odyssey:creatures,Hominid 1.3.4,1–5,Recover one native material if an obtainable useful drop exists,Verify real event predicate/advancement or use optional manual objective,"Exact installed JAR, enabled gameplay and registry needs verification",additional_content_candidate_not_implemented
